Viewing_ID,User_ID,Content_ID,Watch_Time_Minutes,Device_Type
1.0,159.0,1565.0,185.0,TV
2.0,710.0,1636.0,94.0,PC
3.0,2700.0,1012.0,125.0,Tablet
,1594.0,1851.0,128.0,PC
5.0,2153.0,1999.0,300.0,Mobile
6.0,1600.0,1564.0,172.0,TV
7.0,2343.0,,68.0,Console
8.0,288.0,1756.0,132.0,TV
9.0,1957.0,1473.0,189.0,Tablet
10.0,1061.0,1160.0,268.0,PC
,2009.0,,146.0,Console
12.0,2597.0,1408.0,142.0,Console
13.0,2227.0,1122.0,278.0,TV
14.0,,1033.0,55.0,Mobile
15.0,1669.0,1730.0,224.0,Console
16.0,874.0,1152.0,133.0,TV
17.0,1068.0,,291.0,Mobile
18.0,2308.0,1531.0,69.0,Console
19.0,1078.0,1550.0,41.0,PC
20.0,2210.0,1202.0,171.0,
21.0,2567.0,1957.0,159.0,Tablet
22.0,,1820.0,32.0,Mobile
23.0,,1903.0,273.0,Tablet
24.0,691.0,,281.0,Console
,2655.0,1390.0,286.0,Mobile
26.0,742.0,1980.0,185.0,Mobile
27.0,2404.0,,204.0,Mobile
28.0,2705.0,1002.0,203.0,PC
29.0,1057.0,1032.0,77.0,TV
30.0,,1199.0,144.0,PC
31.0,1415.0,1916.0,158.0,TV
32.0,1621.0,1708.0,40.0,Mobile
33.0,1356.0,1927.0,35.0,Tablet
34.0,980.0,1196.0,285.0,TV
35.0,2269.0,1378.0,252.0,Console
36.0,2979.0,1438.0,199.0,Console
37.0,2573.0,1364.0,239.0,
38.0,2049.0,,71.0,Mobile
39.0,2194.0,1642.0,19.0,Console
40.0,1241.0,1051.0,259.0,Console
41.0,2772.0,1268.0,178.0,Mobile
42.0,1809.0,1742.0,274.0,Mobile
43.0,1749.0,1748.0,217.0,PC
44.0,2478.0,1044.0,295.0,Tablet
45.0,949.0,1732.0,197.0,Tablet
46.0,1133.0,1008.0,,Tablet
47.0,950.0,1612.0,37.0,PC
48.0,766.0,1512.0,63.0,
49.0,2817.0,,,Console
50.0,2672.0,1105.0,255.0,PC
51.0,313.0,1384.0,21.0,Mobile
52.0,1830.0,1982.0,49.0,Mobile
53.0,66.0,1944.0,69.0,TV
54.0,12.0,1884.0,,TV
55.0,2016.0,1170.0,14.0,PC
56.0,1000.0,,157.0,PC
57.0,537.0,1551.0,281.0,TV
58.0,2211.0,1338.0,5.0,Console
59.0,987.0,1056.0,203.0,Tablet
60.0,,1351.0,189.0,Tablet
61.0,370.0,1554.0,120.0,Console
62.0,2845.0,1734.0,125.0,TV
63.0,1068.0,1436.0,,TV
64.0,2584.0,1839.0,66.0,PC
65.0,613.0,1782.0,101.0,Tablet
66.0,2420.0,1112.0,27.0,Mobile
67.0,2051.0,1681.0,268.0,PC
68.0,2685.0,1987.0,48.0,PC
69.0,2712.0,1995.0,11.0,Mobile
70.0,897.0,1615.0,213.0,PC
71.0,2897.0,1537.0,207.0,TV
72.0,1789.0,1758.0,,PC
73.0,2883.0,1140.0,83.0,PC
74.0,575.0,1318.0,221.0,Tablet
75.0,1768.0,1237.0,22.0,Mobile
76.0,2693.0,1926.0,144.0,
77.0,1150.0,1592.0,118.0,Tablet
78.0,395.0,1423.0,,Mobile
,1540.0,1160.0,176.0,Mobile
80.0,2550.0,1098.0,294.0,
81.0,556.0,1755.0,175.0,TV
82.0,2140.0,1190.0,50.0,Mobile
83.0,2465.0,1992.0,137.0,
84.0,1542.0,1436.0,133.0,PC
85.0,1301.0,1683.0,27.0,TV
86.0,2042.0,1624.0,258.0,Tablet
87.0,678.0,1378.0,182.0,TV
88.0,1688.0,1803.0,129.0,
89.0,2534.0,1666.0,143.0,Tablet
90.0,1785.0,1984.0,59.0,PC
91.0,1167.0,1004.0,270.0,Mobile
92.0,1125.0,1128.0,195.0,Mobile
93.0,1860.0,1682.0,233.0,PC
,1143.0,,168.0,Tablet
95.0,893.0,1494.0,82.0,Mobile
,1780.0,1392.0,29.0,Console
97.0,1766.0,1245.0,147.0,PC
98.0,1369.0,1585.0,95.0,PC
99.0,1350.0,1371.0,286.0,TV
100.0,2386.0,1442.0,147.0,TV
101.0,1752.0,1608.0,222.0,PC
102.0,2224.0,1704.0,50.0,Tablet
103.0,,1432.0,48.0,Tablet
104.0,2478.0,1109.0,112.0,Console
105.0,,1207.0,139.0,Console
106.0,1520.0,1739.0,58.0,Mobile
107.0,2616.0,1965.0,13.0,PC
108.0,2534.0,,144.0,Mobile
109.0,2411.0,1636.0,91.0,TV
110.0,,1946.0,57.0,Tablet
111.0,587.0,1125.0,218.0,Console
112.0,644.0,1408.0,24.0,TV
113.0,1258.0,1980.0,197.0,Mobile
114.0,2010.0,,226.0,Mobile
115.0,556.0,1785.0,230.0,TV
116.0,2807.0,1779.0,25.0,TV
117.0,2681.0,1536.0,142.0,Console
,2048.0,1917.0,106.0,Mobile
119.0,2069.0,,107.0,Tablet
120.0,1919.0,1495.0,282.0,Tablet
121.0,317.0,1922.0,91.0,Mobile
122.0,1698.0,1569.0,247.0,Mobile
123.0,411.0,1420.0,114.0,TV
124.0,2915.0,1590.0,98.0,Console
125.0,,,240.0,PC
126.0,2151.0,1078.0,130.0,Mobile
127.0,2588.0,1249.0,184.0,
128.0,276.0,1439.0,289.0,Tablet
129.0,2101.0,,120.0,Mobile
130.0,2767.0,1717.0,214.0,Mobile
131.0,2536.0,1866.0,43.0,Console
,2036.0,1760.0,38.0,Console
133.0,1557.0,1330.0,26.0,
134.0,214.0,1780.0,241.0,
135.0,2128.0,1839.0,43.0,PC
136.0,239.0,1562.0,40.0,Tablet
137.0,35.0,1748.0,175.0,Mobile
138.0,2910.0,1112.0,116.0,TV
,2096.0,1413.0,118.0,Mobile
,1781.0,1297.0,,TV
141.0,2452.0,1934.0,201.0,Console
142.0,519.0,1184.0,155.0,TV
143.0,28.0,1221.0,126.0,TV
144.0,2514.0,1275.0,,PC
145.0,1503.0,1750.0,90.0,Tablet
146.0,1948.0,1452.0,162.0,Console
147.0,1879.0,1342.0,203.0,Console
148.0,2760.0,1872.0,79.0,PC
149.0,2303.0,1414.0,261.0,PC
150.0,1797.0,1257.0,208.0,Mobile
,2718.0,1951.0,233.0,TV
152.0,2263.0,1299.0,246.0,Console
153.0,2210.0,1147.0,172.0,PC
154.0,485.0,1429.0,112.0,TV
155.0,1514.0,1124.0,6.0,Console
156.0,1900.0,1854.0,138.0,PC
157.0,1542.0,1267.0,63.0,Tablet
158.0,584.0,1995.0,49.0,PC
,2176.0,1525.0,7.0,PC
160.0,481.0,1960.0,187.0,Tablet
161.0,1919.0,1039.0,,PC
162.0,611.0,1150.0,134.0,Tablet
163.0,105.0,,69.0,Console
,1370.0,1771.0,159.0,Tablet
165.0,396.0,1059.0,60.0,Tablet
166.0,2909.0,1320.0,87.0,Tablet
167.0,340.0,1604.0,165.0,
168.0,1132.0,1426.0,101.0,Console
169.0,1102.0,1333.0,12.0,Console
170.0,1712.0,1560.0,114.0,Mobile
171.0,1750.0,1669.0,34.0,Console
172.0,581.0,1565.0,18.0,Mobile
173.0,1928.0,1909.0,,Mobile
174.0,2752.0,1243.0,,Console
175.0,1398.0,1853.0,177.0,Console
176.0,458.0,1378.0,54.0,TV
177.0,496.0,1226.0,191.0,PC
178.0,986.0,1062.0,52.0,TV
179.0,1646.0,1398.0,163.0,Mobile
180.0,1481.0,1618.0,251.0,Console
,2568.0,1880.0,127.0,TV
182.0,2180.0,1882.0,25.0,Tablet
183.0,193.0,1951.0,196.0,Console
184.0,869.0,1477.0,,Console
185.0,1112.0,1804.0,79.0,PC
186.0,147.0,1171.0,143.0,Mobile
187.0,746.0,,290.0,Console
188.0,929.0,1362.0,168.0,Mobile
189.0,447.0,1856.0,222.0,PC
190.0,2965.0,1746.0,10.0,Tablet
191.0,1182.0,1218.0,234.0,TV
192.0,2620.0,1823.0,135.0,TV
193.0,2081.0,1201.0,163.0,Mobile
194.0,2113.0,,201.0,PC
195.0,271.0,1816.0,280.0,Mobile
196.0,221.0,1797.0,158.0,Mobile
197.0,1503.0,1586.0,233.0,PC
198.0,1574.0,1625.0,18.0,Tablet
199.0,2026.0,1664.0,104.0,Tablet
200.0,1193.0,1271.0,84.0,Tablet
201.0,241.0,1325.0,149.0,Mobile
202.0,1856.0,1977.0,120.0,PC
203.0,1438.0,1702.0,239.0,PC
204.0,753.0,1482.0,9.0,Console
205.0,1200.0,1992.0,192.0,
206.0,2637.0,1815.0,29.0,PC
207.0,2011.0,1446.0,65.0,TV
208.0,23.0,1562.0,101.0,TV
209.0,2753.0,1956.0,105.0,Tablet
210.0,,1654.0,295.0,Tablet
211.0,314.0,1443.0,237.0,Mobile
212.0,2302.0,1499.0,42.0,PC
213.0,1754.0,1324.0,67.0,Console
214.0,1176.0,1283.0,188.0,Mobile
215.0,2869.0,1210.0,58.0,Mobile
216.0,200.0,1280.0,182.0,TV
217.0,1609.0,1284.0,178.0,PC
218.0,923.0,1162.0,52.0,Tablet
219.0,2692.0,1580.0,102.0,Console
220.0,624.0,1024.0,253.0,Console
221.0,100.0,1813.0,75.0,Mobile
222.0,1585.0,1162.0,171.0,Mobile
223.0,,1050.0,245.0,TV
224.0,439.0,1595.0,162.0,Console
225.0,,1023.0,245.0,Mobile
226.0,2995.0,1420.0,113.0,Mobile
227.0,528.0,,138.0,Console
228.0,2769.0,1575.0,35.0,
229.0,1559.0,1479.0,242.0,TV
230.0,821.0,1978.0,102.0,Console
231.0,1397.0,1274.0,146.0,Mobile
232.0,527.0,1897.0,192.0,TV
233.0,21.0,1401.0,73.0,TV
234.0,135.0,1084.0,294.0,Console
235.0,1808.0,1956.0,64.0,PC
236.0,1861.0,1273.0,191.0,
237.0,1986.0,1093.0,214.0,Mobile
238.0,1414.0,1265.0,170.0,Tablet
239.0,583.0,1609.0,282.0,Console
240.0,940.0,1239.0,30.0,Tablet
241.0,2765.0,1985.0,39.0,
242.0,2367.0,1061.0,48.0,PC
243.0,1134.0,1446.0,232.0,TV
,1980.0,1861.0,,TV
245.0,2644.0,1378.0,46.0,Mobile
246.0,2609.0,1334.0,128.0,Console
247.0,1097.0,1606.0,177.0,PC
248.0,820.0,1730.0,185.0,TV
,2372.0,1228.0,193.0,Tablet
250.0,2087.0,1620.0,61.0,TV
251.0,2039.0,1918.0,243.0,TV
252.0,1238.0,1226.0,137.0,
253.0,1472.0,1663.0,7.0,PC
254.0,1261.0,1746.0,121.0,Mobile
255.0,954.0,1743.0,82.0,PC
256.0,2240.0,1636.0,208.0,Tablet
257.0,1361.0,1332.0,164.0,Console
258.0,1945.0,1402.0,93.0,Tablet
259.0,1813.0,1380.0,13.0,
260.0,1236.0,1297.0,17.0,TV
261.0,674.0,2000.0,245.0,Tablet
262.0,524.0,1408.0,1.0,Mobile
263.0,2744.0,1118.0,65.0,Console
264.0,2466.0,1782.0,98.0,Tablet
265.0,579.0,1015.0,92.0,Mobile
266.0,172.0,1506.0,85.0,Mobile
267.0,13.0,1743.0,221.0,PC
268.0,183.0,1654.0,97.0,Mobile
269.0,2200.0,1116.0,180.0,PC
270.0,2237.0,1159.0,54.0,Tablet
271.0,714.0,1381.0,169.0,Mobile
272.0,2266.0,1183.0,95.0,TV
,1661.0,1329.0,179.0,Tablet
274.0,291.0,1462.0,49.0,PC
275.0,2318.0,1553.0,170.0,Tablet
276.0,2714.0,1634.0,299.0,Mobile
277.0,1320.0,1535.0,130.0,Tablet
278.0,538.0,1183.0,288.0,Mobile
279.0,419.0,1235.0,296.0,TV
280.0,204.0,,283.0,PC
281.0,308.0,1043.0,105.0,Console
282.0,2871.0,1136.0,1.0,Tablet
283.0,480.0,1606.0,,Console
284.0,1618.0,1806.0,72.0,PC
285.0,,1248.0,230.0,Mobile
286.0,1421.0,1418.0,245.0,Tablet
287.0,18.0,1222.0,251.0,TV
288.0,1860.0,1393.0,297.0,TV
289.0,2744.0,1289.0,167.0,Mobile
290.0,1248.0,1913.0,62.0,Console
291.0,1436.0,1035.0,238.0,TV
292.0,2231.0,1028.0,37.0,TV
293.0,653.0,1126.0,139.0,Console
,2011.0,1502.0,114.0,Tablet
295.0,1091.0,1092.0,115.0,Tablet
296.0,809.0,1641.0,9.0,Console
297.0,1199.0,,8.0,Mobile
298.0,562.0,1908.0,244.0,Console
299.0,1502.0,1575.0,257.0,Mobile
300.0,2348.0,1532.0,175.0,TV
301.0,2700.0,1555.0,20.0,TV
302.0,253.0,1049.0,203.0,Console
303.0,181.0,1762.0,228.0,Console
304.0,1848.0,1156.0,238.0,Console
305.0,1159.0,1720.0,41.0,PC
306.0,1325.0,1783.0,228.0,PC
307.0,2638.0,1348.0,101.0,PC
308.0,2393.0,1378.0,181.0,Tablet
309.0,2723.0,1144.0,191.0,Console
310.0,2368.0,,140.0,TV
311.0,916.0,1599.0,201.0,PC
312.0,680.0,1354.0,287.0,Tablet
313.0,117.0,1506.0,20.0,Tablet
314.0,2787.0,,88.0,Tablet
315.0,1074.0,1277.0,199.0,
316.0,2391.0,1356.0,189.0,Mobile
317.0,713.0,1192.0,72.0,Console
318.0,1654.0,1826.0,200.0,TV
319.0,1834.0,1526.0,243.0,Console
320.0,2489.0,1401.0,272.0,TV
321.0,1071.0,1430.0,261.0,TV
322.0,2979.0,1714.0,31.0,PC
323.0,1565.0,1012.0,10.0,PC
324.0,1392.0,1419.0,70.0,Mobile
325.0,1530.0,1643.0,6.0,Console
326.0,,1922.0,242.0,Tablet
327.0,1957.0,1564.0,274.0,TV
328.0,1902.0,1330.0,115.0,Mobile
329.0,2167.0,1481.0,,Console
330.0,676.0,1404.0,161.0,TV
331.0,594.0,1864.0,150.0,Mobile
332.0,,1684.0,82.0,Console
333.0,1163.0,1117.0,55.0,PC
334.0,656.0,1585.0,225.0,Mobile
335.0,,1806.0,298.0,Mobile
336.0,2952.0,1742.0,32.0,Console
337.0,1472.0,1622.0,11.0,Console
338.0,2098.0,1734.0,265.0,TV
339.0,1578.0,1891.0,25.0,Mobile
340.0,,1789.0,72.0,Console
341.0,1150.0,1048.0,26.0,Console
342.0,2818.0,1017.0,66.0,Mobile
343.0,2092.0,1368.0,122.0,Console
344.0,2208.0,1988.0,2.0,Console
345.0,1660.0,1151.0,190.0,TV
346.0,1570.0,1847.0,11.0,Mobile
347.0,1541.0,1419.0,12.0,Console
348.0,2172.0,1032.0,77.0,Mobile
349.0,960.0,1638.0,262.0,Tablet
350.0,2969.0,1230.0,48.0,Tablet
,2741.0,,185.0,TV
352.0,1572.0,1207.0,232.0,TV
353.0,1186.0,1446.0,47.0,Tablet
354.0,1408.0,1004.0,197.0,TV
355.0,1909.0,1705.0,3.0,PC
356.0,250.0,1249.0,13.0,Mobile
357.0,2316.0,1546.0,106.0,Console
358.0,263.0,1519.0,153.0,PC
359.0,,1030.0,82.0,PC
360.0,,1988.0,84.0,TV
361.0,332.0,1916.0,158.0,TV
362.0,1167.0,1045.0,,TV
363.0,1101.0,1533.0,40.0,Console
364.0,218.0,1108.0,21.0,Console
365.0,895.0,1492.0,127.0,Tablet
366.0,,1832.0,14.0,PC
367.0,2452.0,1719.0,133.0,Tablet
368.0,567.0,1443.0,126.0,TV
369.0,916.0,1576.0,129.0,PC
370.0,1672.0,1571.0,291.0,Tablet
371.0,2707.0,1719.0,243.0,Tablet
372.0,2108.0,1394.0,108.0,Tablet
373.0,141.0,1270.0,268.0,TV
374.0,2862.0,1964.0,4.0,Mobile
375.0,1111.0,1964.0,167.0,Mobile
376.0,,1856.0,12.0,
377.0,647.0,1038.0,258.0,PC
378.0,2814.0,1719.0,5.0,TV
379.0,755.0,1407.0,20.0,TV
380.0,1808.0,1494.0,179.0,Tablet
381.0,1466.0,1526.0,216.0,TV
382.0,2748.0,1808.0,228.0,TV
383.0,1976.0,,225.0,Mobile
384.0,2310.0,1901.0,186.0,Mobile
385.0,1545.0,1260.0,155.0,Mobile
386.0,891.0,1725.0,141.0,
387.0,760.0,1301.0,99.0,PC
388.0,1099.0,1613.0,272.0,Console
389.0,1124.0,,34.0,TV
390.0,,1563.0,149.0,Tablet
391.0,297.0,,177.0,TV
392.0,1158.0,1089.0,209.0,Mobile
393.0,1639.0,1310.0,13.0,PC
394.0,1188.0,1070.0,256.0,PC
395.0,332.0,1359.0,34.0,Mobile
396.0,431.0,1658.0,173.0,PC
397.0,487.0,1164.0,201.0,Mobile
398.0,,1456.0,106.0,PC
399.0,1073.0,1652.0,282.0,PC
400.0,1066.0,1952.0,254.0,Console
401.0,377.0,1664.0,19.0,Mobile
402.0,1297.0,1397.0,195.0,Mobile
403.0,2448.0,1033.0,66.0,PC
404.0,2711.0,1738.0,11.0,Console
405.0,1085.0,1894.0,,Mobile
406.0,2388.0,1406.0,209.0,PC
407.0,1256.0,1731.0,74.0,Console
408.0,497.0,,212.0,Mobile
409.0,2272.0,1291.0,145.0,Console
410.0,172.0,1649.0,142.0,PC
411.0,499.0,1763.0,234.0,TV
412.0,2035.0,1134.0,181.0,TV
413.0,1729.0,1303.0,253.0,Mobile
414.0,1071.0,1484.0,10.0,Console
415.0,894.0,,269.0,PC
416.0,2337.0,,99.0,TV
417.0,2919.0,1325.0,3.0,TV
418.0,335.0,,160.0,TV
419.0,292.0,1742.0,170.0,Mobile
420.0,2592.0,1060.0,87.0,PC
,1241.0,1848.0,227.0,TV
422.0,2240.0,1812.0,205.0,Console
423.0,683.0,1706.0,273.0,PC
424.0,2056.0,1903.0,258.0,Mobile
425.0,557.0,1450.0,,TV
426.0,2034.0,1238.0,287.0,TV
427.0,101.0,,32.0,Console
428.0,1704.0,1274.0,,Console
429.0,1228.0,1585.0,262.0,PC
430.0,145.0,1941.0,204.0,Console
431.0,1943.0,1804.0,197.0,PC
432.0,2013.0,1367.0,286.0,Console
433.0,,1219.0,56.0,TV
434.0,2267.0,1898.0,161.0,PC
435.0,443.0,1071.0,86.0,PC
436.0,2.0,1548.0,105.0,PC
437.0,2481.0,1587.0,261.0,Mobile
438.0,1823.0,1698.0,222.0,Mobile
439.0,1337.0,1793.0,288.0,Tablet
440.0,812.0,1552.0,273.0,Tablet
441.0,878.0,1123.0,47.0,PC
442.0,2570.0,1340.0,189.0,PC
443.0,574.0,1772.0,247.0,PC
444.0,1238.0,1152.0,69.0,Mobile
445.0,1242.0,1751.0,30.0,PC
446.0,382.0,1885.0,270.0,Mobile
447.0,29.0,1603.0,164.0,Console
448.0,1109.0,1492.0,181.0,PC
449.0,2538.0,1657.0,27.0,Tablet
450.0,2872.0,1386.0,206.0,TV
451.0,918.0,1807.0,162.0,Console
,892.0,1284.0,198.0,TV
453.0,259.0,1439.0,265.0,PC
454.0,1264.0,1591.0,212.0,TV
455.0,2275.0,1520.0,218.0,PC
456.0,2934.0,1475.0,151.0,PC
457.0,2824.0,1692.0,114.0,PC
458.0,1443.0,1319.0,177.0,PC
459.0,1198.0,1220.0,11.0,Mobile
460.0,2236.0,1498.0,215.0,Console
461.0,1667.0,1981.0,48.0,TV
462.0,734.0,1588.0,40.0,Mobile
463.0,1238.0,1611.0,282.0,Console
464.0,1808.0,1397.0,47.0,PC
465.0,2332.0,1043.0,228.0,TV
466.0,2062.0,1666.0,153.0,Tablet
,473.0,1383.0,40.0,Tablet
,533.0,1838.0,202.0,PC
469.0,83.0,1127.0,72.0,Console
470.0,677.0,,67.0,
471.0,1699.0,1216.0,275.0,Console
472.0,322.0,1720.0,68.0,Mobile
473.0,2727.0,1279.0,113.0,Console
474.0,1029.0,1390.0,290.0,PC
475.0,2020.0,1717.0,75.0,PC
476.0,1138.0,1941.0,11.0,Mobile
477.0,2288.0,1217.0,59.0,PC
478.0,,1149.0,223.0,PC
479.0,1996.0,1246.0,254.0,Tablet
480.0,20.0,1105.0,92.0,TV
481.0,2870.0,1122.0,145.0,TV
482.0,818.0,1213.0,194.0,Console
483.0,1818.0,1598.0,267.0,Console
484.0,2444.0,1228.0,123.0,
485.0,1526.0,1619.0,89.0,Mobile
486.0,231.0,1385.0,135.0,TV
487.0,2576.0,1734.0,58.0,PC
488.0,2050.0,1627.0,,Console
489.0,2368.0,1586.0,16.0,TV
490.0,2867.0,1031.0,57.0,PC
,2681.0,1684.0,114.0,TV
492.0,2167.0,1380.0,120.0,Tablet
,1642.0,1956.0,278.0,Mobile
494.0,2029.0,1236.0,88.0,Tablet
495.0,1172.0,1051.0,126.0,
496.0,1962.0,1774.0,50.0,TV
497.0,267.0,1237.0,64.0,PC
498.0,597.0,1958.0,,Tablet
499.0,2862.0,1235.0,53.0,PC
500.0,1722.0,1468.0,275.0,TV
501.0,1929.0,1078.0,3.0,Console
502.0,2766.0,1265.0,142.0,Console
503.0,908.0,1470.0,187.0,Console
504.0,1305.0,1403.0,175.0,Tablet
505.0,2408.0,1690.0,60.0,Tablet
506.0,1286.0,1756.0,91.0,Console
507.0,2465.0,1476.0,254.0,
508.0,183.0,1801.0,244.0,PC
509.0,1204.0,1718.0,223.0,Tablet
510.0,,1893.0,39.0,Console
511.0,276.0,1079.0,20.0,Mobile
512.0,402.0,1141.0,290.0,Console
513.0,1709.0,1251.0,247.0,Console
514.0,670.0,1925.0,16.0,TV
515.0,295.0,1292.0,263.0,Tablet
516.0,2646.0,1408.0,182.0,
517.0,1556.0,1147.0,255.0,Mobile
518.0,2235.0,1921.0,237.0,PC
519.0,1174.0,1616.0,220.0,Console
520.0,2542.0,1225.0,243.0,TV
521.0,1943.0,1151.0,19.0,Mobile
522.0,2471.0,1304.0,170.0,Console
523.0,351.0,1706.0,175.0,Tablet
524.0,2518.0,1519.0,218.0,PC
525.0,2228.0,1722.0,253.0,Tablet
526.0,1779.0,1836.0,300.0,PC
527.0,1156.0,1483.0,290.0,Tablet
528.0,851.0,1413.0,108.0,TV
529.0,456.0,1707.0,,Mobile
530.0,1614.0,1796.0,278.0,Tablet
531.0,,1486.0,158.0,PC
532.0,2850.0,1933.0,62.0,Tablet
533.0,673.0,1429.0,102.0,Tablet
534.0,1107.0,1132.0,54.0,TV
535.0,1320.0,1329.0,89.0,Console
,1983.0,1897.0,286.0,Console
537.0,1451.0,1341.0,135.0,Tablet
538.0,85.0,1030.0,4.0,Console
539.0,2459.0,1057.0,199.0,Tablet
540.0,231.0,1581.0,276.0,TV
541.0,94.0,1711.0,267.0,PC
542.0,1528.0,1529.0,73.0,Tablet
543.0,2202.0,1288.0,131.0,TV
544.0,2665.0,1388.0,262.0,Mobile
545.0,918.0,1502.0,60.0,TV
546.0,102.0,1905.0,16.0,Mobile
547.0,1.0,1113.0,198.0,Tablet
548.0,1658.0,1643.0,180.0,Tablet
549.0,2553.0,1352.0,269.0,Mobile
550.0,774.0,,163.0,Mobile
551.0,594.0,1288.0,25.0,
552.0,23.0,1505.0,202.0,PC
553.0,686.0,1907.0,144.0,Console
,2038.0,1211.0,136.0,TV
555.0,2543.0,1465.0,92.0,Mobile
556.0,1401.0,1106.0,139.0,PC
557.0,2848.0,1146.0,12.0,Console
558.0,2929.0,1186.0,181.0,Tablet
559.0,1829.0,1008.0,227.0,
560.0,22.0,1045.0,131.0,Mobile
561.0,1884.0,1524.0,121.0,PC
562.0,2509.0,1180.0,189.0,Tablet
563.0,251.0,1725.0,201.0,Tablet
564.0,159.0,1902.0,50.0,TV
565.0,1213.0,1536.0,72.0,Tablet
566.0,584.0,1758.0,216.0,TV
567.0,1061.0,1624.0,203.0,Console
568.0,742.0,1719.0,38.0,TV
569.0,971.0,1718.0,219.0,TV
570.0,387.0,1164.0,107.0,TV
571.0,541.0,1025.0,32.0,Mobile
572.0,2198.0,1664.0,258.0,Console
573.0,914.0,1993.0,,Tablet
574.0,2218.0,1106.0,296.0,Mobile
575.0,235.0,1126.0,98.0,Tablet
576.0,2266.0,1283.0,56.0,PC
577.0,1154.0,,,Tablet
578.0,836.0,1558.0,123.0,PC
579.0,101.0,1141.0,300.0,TV
580.0,2078.0,1835.0,46.0,Console
,2206.0,1250.0,136.0,Console
582.0,1966.0,1986.0,138.0,Mobile
583.0,582.0,1290.0,44.0,TV
584.0,834.0,1770.0,80.0,TV
585.0,1582.0,1641.0,52.0,Tablet
586.0,845.0,1992.0,133.0,TV
587.0,2382.0,1199.0,,Mobile
588.0,652.0,1555.0,228.0,Console
589.0,2302.0,1033.0,47.0,TV
590.0,844.0,1515.0,298.0,Mobile
591.0,582.0,1482.0,6.0,TV
592.0,1180.0,1565.0,132.0,
593.0,1862.0,1984.0,127.0,Mobile
594.0,1134.0,1049.0,21.0,Tablet
595.0,1499.0,1559.0,286.0,Tablet
596.0,542.0,1096.0,219.0,Console
597.0,1470.0,1140.0,35.0,TV
598.0,2590.0,1232.0,271.0,Tablet
599.0,,1858.0,13.0,Mobile
600.0,691.0,1456.0,119.0,Mobile
601.0,2068.0,1791.0,112.0,TV
602.0,184.0,1627.0,144.0,Console
603.0,2511.0,1840.0,90.0,Mobile
604.0,42.0,1154.0,127.0,Tablet
605.0,2653.0,1959.0,61.0,Mobile
,985.0,1424.0,112.0,PC
607.0,852.0,1807.0,52.0,Mobile
,364.0,1932.0,1.0,PC
609.0,,1166.0,14.0,Tablet
610.0,1737.0,,,Console
611.0,1880.0,1169.0,96.0,TV
,323.0,1244.0,122.0,Tablet
613.0,1141.0,1426.0,254.0,Tablet
614.0,1861.0,,155.0,Mobile
615.0,1940.0,1820.0,169.0,PC
616.0,1209.0,1328.0,,Tablet
617.0,1859.0,1186.0,246.0,PC
618.0,,1267.0,225.0,Console
619.0,2696.0,1152.0,175.0,Console
,2706.0,1285.0,130.0,Console
621.0,2859.0,1940.0,229.0,TV
622.0,2681.0,1909.0,227.0,PC
623.0,1484.0,1583.0,200.0,Tablet
624.0,2408.0,1444.0,62.0,PC
625.0,167.0,1547.0,59.0,PC
626.0,1197.0,1584.0,221.0,PC
627.0,2339.0,1707.0,81.0,Console
628.0,2965.0,2000.0,274.0,TV
629.0,2299.0,1146.0,212.0,PC
630.0,,1494.0,217.0,
631.0,2710.0,,198.0,TV
632.0,1278.0,1828.0,224.0,PC
633.0,2663.0,1283.0,65.0,TV
634.0,2032.0,1665.0,209.0,
635.0,257.0,1668.0,163.0,PC
636.0,1139.0,1755.0,138.0,TV
637.0,478.0,1785.0,108.0,Mobile
638.0,1360.0,1387.0,192.0,Console
639.0,1917.0,1477.0,107.0,Console
640.0,,1593.0,201.0,TV
641.0,2686.0,1432.0,93.0,Mobile
,240.0,,68.0,Mobile
643.0,2527.0,1135.0,230.0,PC
644.0,1903.0,1133.0,159.0,PC
645.0,1368.0,1405.0,237.0,Mobile
646.0,1179.0,1143.0,170.0,Console
647.0,2115.0,1422.0,107.0,Console
648.0,1944.0,1078.0,22.0,Tablet
649.0,1820.0,1903.0,62.0,TV
650.0,2011.0,1479.0,90.0,Mobile
651.0,2908.0,1890.0,298.0,PC
652.0,1099.0,1822.0,169.0,TV
653.0,,1086.0,295.0,Console
654.0,2409.0,1963.0,144.0,PC
655.0,1275.0,1561.0,27.0,PC
656.0,364.0,1064.0,,PC
657.0,2034.0,1049.0,268.0,Mobile
658.0,1670.0,1534.0,57.0,PC
659.0,2120.0,1808.0,236.0,Console
660.0,2315.0,1838.0,251.0,TV
661.0,2137.0,1597.0,247.0,Tablet
662.0,2262.0,1120.0,211.0,PC
,1892.0,1906.0,81.0,Console
664.0,2080.0,1647.0,,Mobile
665.0,440.0,,179.0,PC
666.0,1939.0,1770.0,134.0,PC
667.0,256.0,1858.0,69.0,Tablet
668.0,685.0,1800.0,21.0,Console
669.0,2684.0,1686.0,260.0,Tablet
670.0,1667.0,1323.0,18.0,Console
671.0,2686.0,1078.0,28.0,Console
672.0,1608.0,1286.0,16.0,Mobile
673.0,2533.0,1546.0,6.0,PC
674.0,1051.0,1713.0,243.0,Tablet
675.0,1454.0,1065.0,200.0,Tablet
676.0,873.0,1215.0,213.0,Mobile
677.0,1496.0,1049.0,11.0,Console
678.0,2358.0,1154.0,15.0,TV
679.0,1640.0,1025.0,259.0,PC
680.0,2757.0,1856.0,110.0,Tablet
681.0,,1388.0,166.0,Mobile
682.0,2551.0,1688.0,171.0,PC
683.0,2209.0,1244.0,243.0,Mobile
684.0,2548.0,1888.0,280.0,TV
685.0,1289.0,1484.0,209.0,Console
686.0,1593.0,1970.0,137.0,Tablet
687.0,2970.0,1933.0,250.0,TV
688.0,2043.0,1139.0,152.0,PC
689.0,1774.0,1051.0,236.0,PC
,2650.0,,278.0,PC
691.0,1213.0,1275.0,,Tablet
692.0,290.0,1930.0,169.0,PC
693.0,1964.0,1215.0,109.0,Mobile
694.0,154.0,1143.0,7.0,PC
695.0,792.0,1505.0,90.0,Mobile
,,1896.0,136.0,PC
697.0,2083.0,1079.0,86.0,Tablet
698.0,2570.0,1018.0,188.0,Console
699.0,330.0,1328.0,18.0,PC
700.0,,1800.0,261.0,Console
701.0,1444.0,1513.0,64.0,TV
702.0,2730.0,1445.0,213.0,TV
703.0,355.0,1386.0,118.0,Tablet
704.0,831.0,1529.0,121.0,TV
705.0,2999.0,1876.0,258.0,Console
706.0,797.0,,211.0,Tablet
707.0,800.0,1701.0,184.0,Mobile
708.0,1368.0,1541.0,183.0,TV
709.0,521.0,1661.0,151.0,Tablet
710.0,467.0,,42.0,TV
711.0,687.0,1501.0,15.0,Tablet
712.0,64.0,,132.0,
713.0,275.0,1453.0,29.0,PC
714.0,2477.0,,236.0,TV
715.0,1518.0,1947.0,227.0,Mobile
716.0,1091.0,1284.0,38.0,TV
717.0,2518.0,1282.0,162.0,PC
718.0,2838.0,1549.0,159.0,Tablet
719.0,404.0,1153.0,214.0,TV
,,1699.0,200.0,TV
721.0,1108.0,1968.0,114.0,Console
,2763.0,1777.0,79.0,Mobile
723.0,620.0,1869.0,299.0,PC
724.0,627.0,,255.0,Tablet
725.0,2897.0,1978.0,282.0,TV
726.0,506.0,1274.0,,Console
727.0,1086.0,1683.0,48.0,PC
728.0,47.0,1658.0,137.0,PC
729.0,735.0,,235.0,Mobile
730.0,804.0,1212.0,121.0,Console
731.0,1560.0,1785.0,,Mobile
732.0,91.0,1059.0,1.0,Tablet
733.0,1141.0,1407.0,,Tablet
734.0,,1034.0,17.0,Console
735.0,842.0,1012.0,77.0,PC
736.0,2580.0,1290.0,144.0,TV
,,1801.0,111.0,TV
738.0,2805.0,1317.0,294.0,PC
739.0,907.0,1926.0,5.0,Tablet
740.0,201.0,1828.0,120.0,Console
741.0,2069.0,1006.0,250.0,Mobile
742.0,1252.0,1972.0,50.0,Tablet
743.0,952.0,1424.0,72.0,PC
744.0,1217.0,1368.0,168.0,
745.0,2159.0,1289.0,205.0,Console
746.0,2425.0,1416.0,134.0,Console
747.0,2264.0,1951.0,240.0,Mobile
748.0,580.0,1744.0,73.0,Mobile
749.0,1600.0,1641.0,121.0,Console
750.0,371.0,1124.0,224.0,PC
751.0,1241.0,1368.0,227.0,Mobile
752.0,1511.0,1503.0,101.0,Console
753.0,1568.0,1758.0,188.0,PC
754.0,2618.0,1982.0,210.0,Mobile
755.0,2764.0,1130.0,140.0,Tablet
756.0,2370.0,1919.0,41.0,Tablet
757.0,1194.0,1103.0,7.0,Mobile
758.0,1689.0,1593.0,135.0,Console
759.0,2189.0,1913.0,267.0,Console
760.0,323.0,1224.0,,Mobile
761.0,842.0,1632.0,107.0,Console
762.0,772.0,1386.0,139.0,Tablet
763.0,586.0,1128.0,263.0,Mobile
,2065.0,1048.0,137.0,TV
765.0,260.0,1476.0,45.0,PC
766.0,2995.0,1681.0,245.0,Tablet
767.0,2575.0,1520.0,240.0,PC
768.0,1863.0,1483.0,213.0,Mobile
769.0,374.0,1333.0,266.0,TV
770.0,2926.0,1152.0,147.0,TV
771.0,1750.0,1188.0,58.0,TV
772.0,1689.0,1790.0,287.0,Tablet
773.0,78.0,1591.0,57.0,Tablet
774.0,495.0,,252.0,PC
775.0,2163.0,1076.0,158.0,Mobile
776.0,1872.0,1567.0,274.0,Mobile
777.0,2848.0,1650.0,224.0,
778.0,2317.0,1064.0,204.0,Mobile
779.0,,1972.0,276.0,TV
780.0,1743.0,1505.0,216.0,Tablet
781.0,2850.0,1444.0,82.0,TV
782.0,2569.0,1138.0,220.0,TV
783.0,1281.0,1729.0,235.0,Tablet
784.0,714.0,1103.0,,
785.0,2982.0,1615.0,122.0,
786.0,176.0,1262.0,141.0,PC
787.0,813.0,1706.0,,Tablet
788.0,847.0,1960.0,174.0,PC
789.0,2094.0,1601.0,162.0,TV
790.0,2036.0,1637.0,198.0,Tablet
791.0,755.0,1966.0,20.0,Mobile
792.0,1480.0,1711.0,1.0,PC
793.0,2096.0,1655.0,238.0,Tablet
794.0,2316.0,1752.0,241.0,Console
795.0,875.0,1331.0,168.0,TV
796.0,1901.0,1032.0,31.0,PC
797.0,828.0,1445.0,,Mobile
798.0,2209.0,1784.0,165.0,
799.0,2669.0,1083.0,22.0,Tablet
800.0,156.0,1818.0,242.0,Tablet
801.0,598.0,1698.0,134.0,PC
802.0,637.0,1288.0,69.0,TV
803.0,2182.0,1200.0,82.0,Mobile
804.0,1810.0,1493.0,124.0,Tablet
805.0,2419.0,1278.0,140.0,Mobile
806.0,2193.0,1336.0,101.0,TV
807.0,1004.0,1118.0,134.0,
808.0,458.0,1058.0,37.0,PC
809.0,1354.0,1253.0,92.0,Console
810.0,2326.0,,218.0,PC
,1107.0,1871.0,120.0,Mobile
812.0,2006.0,1584.0,214.0,Tablet
813.0,2713.0,1820.0,169.0,Tablet
814.0,202.0,1587.0,187.0,TV
815.0,412.0,1846.0,15.0,PC
816.0,2091.0,1197.0,240.0,TV
817.0,165.0,1441.0,95.0,Mobile
818.0,846.0,1191.0,256.0,Console
819.0,,1666.0,111.0,Mobile
820.0,1400.0,1301.0,,TV
821.0,30.0,1738.0,128.0,PC
822.0,1888.0,1599.0,212.0,Console
823.0,1953.0,1306.0,20.0,TV
824.0,2861.0,1925.0,12.0,PC
825.0,1361.0,1066.0,124.0,Console
826.0,1359.0,1581.0,221.0,Console
827.0,731.0,,225.0,Mobile
828.0,2477.0,1664.0,52.0,TV
,2151.0,1762.0,,TV
830.0,1680.0,1880.0,172.0,Tablet
,796.0,1514.0,197.0,Mobile
832.0,1029.0,1487.0,194.0,TV
833.0,1519.0,1648.0,85.0,Mobile
834.0,1895.0,1716.0,76.0,Console
835.0,2410.0,1510.0,219.0,PC
836.0,158.0,1055.0,161.0,Mobile
837.0,1264.0,1356.0,278.0,TV
838.0,,1505.0,102.0,Console
839.0,64.0,1573.0,206.0,Tablet
840.0,511.0,1047.0,66.0,Tablet
841.0,2088.0,1153.0,7.0,Tablet
842.0,479.0,1414.0,253.0,Console
843.0,2271.0,1531.0,27.0,Tablet
844.0,2379.0,,246.0,TV
845.0,1371.0,1015.0,140.0,Tablet
846.0,,1562.0,109.0,TV
847.0,340.0,1940.0,35.0,TV
848.0,1195.0,1377.0,98.0,TV
849.0,705.0,1293.0,88.0,Console
850.0,487.0,1878.0,16.0,TV
851.0,2339.0,,175.0,TV
852.0,100.0,1320.0,260.0,Console
853.0,520.0,1785.0,93.0,PC
854.0,2795.0,1074.0,162.0,Mobile
855.0,1483.0,1658.0,86.0,Console
856.0,2196.0,1540.0,290.0,Mobile
857.0,317.0,1974.0,159.0,PC
858.0,988.0,1330.0,67.0,TV
859.0,832.0,,5.0,Mobile
860.0,,1388.0,43.0,
861.0,789.0,1961.0,300.0,Console
862.0,567.0,1430.0,196.0,Tablet
863.0,2171.0,1842.0,175.0,TV
864.0,2353.0,1037.0,159.0,TV
865.0,2897.0,1987.0,243.0,TV
866.0,2932.0,1958.0,251.0,PC
867.0,218.0,1750.0,,
868.0,1560.0,1892.0,150.0,TV
869.0,1602.0,1544.0,214.0,PC
870.0,2234.0,1931.0,217.0,Console
871.0,2208.0,1852.0,246.0,Mobile
872.0,1697.0,1251.0,,Mobile
873.0,1480.0,1291.0,50.0,Console
874.0,1074.0,1022.0,55.0,Console
875.0,,1551.0,149.0,Mobile
876.0,1503.0,1238.0,31.0,Tablet
877.0,1454.0,1676.0,,TV
878.0,1030.0,1636.0,142.0,TV
879.0,2727.0,1069.0,194.0,Console
880.0,1866.0,1875.0,40.0,Mobile
881.0,2599.0,1543.0,112.0,TV
882.0,2538.0,1675.0,91.0,TV
883.0,1939.0,1537.0,148.0,Console
884.0,446.0,1195.0,18.0,TV
885.0,142.0,1704.0,159.0,PC
886.0,1097.0,1002.0,266.0,
887.0,2974.0,1251.0,284.0,Mobile
888.0,1779.0,1460.0,107.0,Mobile
889.0,1684.0,1321.0,122.0,PC
890.0,1807.0,1969.0,92.0,Console
891.0,2406.0,1264.0,297.0,Console
892.0,2077.0,1097.0,27.0,Tablet
893.0,,1785.0,13.0,TV
894.0,1092.0,1724.0,117.0,PC
895.0,,1942.0,41.0,Console
896.0,209.0,1225.0,79.0,
897.0,1711.0,1866.0,171.0,TV
898.0,75.0,1377.0,185.0,
899.0,2748.0,1379.0,278.0,PC
900.0,2473.0,1838.0,145.0,PC
901.0,159.0,1265.0,212.0,Console
902.0,1309.0,1613.0,176.0,Console
903.0,971.0,,60.0,PC
904.0,1639.0,1903.0,169.0,PC
905.0,1390.0,1412.0,36.0,TV
906.0,874.0,1987.0,151.0,Console
907.0,2839.0,1359.0,182.0,TV
908.0,1350.0,1647.0,67.0,Console
909.0,2697.0,1658.0,282.0,PC
910.0,744.0,1328.0,216.0,Console
911.0,910.0,1807.0,200.0,Tablet
912.0,,1456.0,59.0,TV
913.0,1773.0,1543.0,174.0,Mobile
914.0,269.0,1648.0,55.0,Mobile
915.0,1274.0,1244.0,52.0,PC
916.0,687.0,1921.0,187.0,TV
917.0,1237.0,1257.0,214.0,Console
918.0,354.0,1596.0,295.0,TV
919.0,881.0,1340.0,104.0,TV
920.0,644.0,1219.0,151.0,TV
921.0,953.0,1329.0,77.0,PC
922.0,2279.0,1485.0,158.0,Tablet
923.0,694.0,1011.0,15.0,Mobile
924.0,1590.0,1203.0,35.0,Mobile
925.0,854.0,,175.0,TV
926.0,125.0,1397.0,245.0,Console
927.0,572.0,1457.0,143.0,Tablet
928.0,888.0,1367.0,256.0,PC
929.0,268.0,1604.0,,PC
930.0,2358.0,1837.0,163.0,Mobile
931.0,469.0,1931.0,189.0,Mobile
932.0,784.0,1006.0,2.0,Console
933.0,2022.0,1126.0,59.0,Tablet
934.0,2489.0,1903.0,106.0,Mobile
935.0,2520.0,1137.0,246.0,Mobile
936.0,1404.0,1176.0,46.0,TV
,1467.0,1410.0,73.0,PC
938.0,1710.0,1228.0,215.0,Mobile
939.0,2122.0,1601.0,165.0,
940.0,852.0,1680.0,53.0,
941.0,1004.0,1038.0,208.0,Tablet
942.0,2114.0,1939.0,,PC
943.0,532.0,1463.0,117.0,PC
944.0,1344.0,,164.0,Console
,990.0,1377.0,141.0,Mobile
946.0,554.0,1989.0,194.0,Console
947.0,,1526.0,255.0,Console
948.0,566.0,1693.0,28.0,
949.0,1169.0,1831.0,226.0,Mobile
950.0,1930.0,1741.0,17.0,TV
951.0,2610.0,1513.0,97.0,PC
952.0,537.0,1385.0,77.0,Tablet
953.0,548.0,1794.0,210.0,Console
954.0,363.0,1539.0,23.0,Mobile
955.0,1719.0,1347.0,278.0,TV
956.0,2668.0,1367.0,286.0,TV
957.0,1558.0,1409.0,220.0,Tablet
958.0,1185.0,1029.0,65.0,TV
959.0,1572.0,,195.0,PC
960.0,2082.0,1050.0,89.0,TV
961.0,2807.0,1530.0,35.0,PC
962.0,479.0,1699.0,262.0,TV
963.0,1484.0,1276.0,137.0,
964.0,2041.0,1076.0,139.0,Console
965.0,133.0,1115.0,48.0,TV
966.0,1077.0,1245.0,5.0,TV
967.0,1856.0,1704.0,104.0,TV
968.0,1387.0,1516.0,78.0,Tablet
969.0,1150.0,1547.0,121.0,PC
970.0,349.0,1175.0,,
971.0,767.0,1999.0,113.0,Tablet
972.0,670.0,1915.0,33.0,PC
973.0,2156.0,1536.0,291.0,TV
,1170.0,1112.0,13.0,Console
975.0,459.0,1126.0,8.0,PC
976.0,1084.0,1214.0,295.0,PC
977.0,8.0,1303.0,270.0,TV
978.0,895.0,1547.0,48.0,Console
979.0,1563.0,1552.0,189.0,
980.0,,1906.0,154.0,Tablet
981.0,1106.0,1965.0,276.0,PC
982.0,241.0,1024.0,58.0,Tablet
983.0,2309.0,1334.0,114.0,Console
984.0,63.0,1149.0,120.0,Mobile
985.0,2324.0,1567.0,44.0,TV
986.0,2916.0,1986.0,54.0,TV
987.0,2761.0,1792.0,153.0,TV
988.0,999.0,1300.0,9.0,PC
989.0,,1681.0,256.0,Tablet
990.0,76.0,1472.0,185.0,Mobile
991.0,2793.0,1398.0,145.0,Mobile
992.0,112.0,1257.0,84.0,Mobile
993.0,,1329.0,50.0,Console
994.0,2435.0,1801.0,206.0,PC
995.0,1557.0,1713.0,128.0,Mobile
996.0,1581.0,1678.0,,
,1561.0,1957.0,135.0,Mobile
998.0,2119.0,1587.0,45.0,PC
,553.0,1188.0,209.0,Mobile
1000.0,1949.0,1774.0,112.0,Mobile
1001.0,,1106.0,119.0,
1002.0,1463.0,1221.0,127.0,Mobile
1003.0,478.0,1266.0,274.0,Console
1004.0,686.0,1611.0,211.0,TV
1005.0,673.0,1077.0,,Tablet
1006.0,1046.0,1199.0,223.0,Mobile
1007.0,37.0,1506.0,235.0,Mobile
1008.0,2503.0,1779.0,274.0,Mobile
1009.0,1289.0,1632.0,100.0,TV
1010.0,1458.0,1471.0,212.0,Tablet
1011.0,1198.0,1094.0,272.0,TV
1012.0,2077.0,1709.0,130.0,Mobile
1013.0,1179.0,1100.0,148.0,PC
1014.0,1797.0,1416.0,124.0,PC
1015.0,,1365.0,286.0,Tablet
1016.0,2571.0,1607.0,248.0,Tablet
1017.0,658.0,1286.0,218.0,Console
1018.0,2544.0,1055.0,29.0,PC
1019.0,2082.0,,130.0,PC
1020.0,1328.0,1172.0,226.0,PC
1021.0,1960.0,1109.0,254.0,Tablet
1022.0,2838.0,1391.0,150.0,Mobile
1023.0,1365.0,1828.0,290.0,TV
1024.0,1356.0,1920.0,,TV
1025.0,1655.0,1462.0,108.0,Console
1026.0,1823.0,1247.0,14.0,Mobile
1027.0,2387.0,1125.0,278.0,Tablet
1028.0,1656.0,,218.0,Mobile
1029.0,1969.0,1394.0,13.0,TV
1030.0,599.0,1872.0,32.0,Tablet
1031.0,1967.0,1187.0,107.0,Mobile
1032.0,,1898.0,135.0,PC
1033.0,2363.0,1360.0,132.0,PC
1034.0,2502.0,1818.0,174.0,PC
1035.0,952.0,1959.0,282.0,PC
1036.0,1159.0,1849.0,46.0,Mobile
1037.0,1484.0,1494.0,17.0,
1038.0,1019.0,1210.0,189.0,Mobile
1039.0,,1741.0,266.0,Tablet
,329.0,1603.0,29.0,Tablet
1041.0,2004.0,1235.0,90.0,
1042.0,164.0,,,Console
1043.0,1074.0,1059.0,220.0,TV
,2600.0,1580.0,188.0,TV
1045.0,745.0,1335.0,79.0,Tablet
1046.0,2158.0,1986.0,247.0,TV
1047.0,812.0,1344.0,157.0,Console
1048.0,1925.0,1838.0,255.0,Mobile
1049.0,987.0,,60.0,Mobile
1050.0,128.0,1456.0,133.0,Mobile
1051.0,1068.0,,287.0,Tablet
1052.0,,1219.0,11.0,Console
1053.0,2667.0,1030.0,10.0,Tablet
1054.0,1557.0,1296.0,277.0,Tablet
1055.0,1889.0,1368.0,153.0,Console
1056.0,1179.0,1460.0,68.0,Console
1057.0,2306.0,1200.0,272.0,Tablet
,2092.0,1432.0,119.0,Console
1059.0,1663.0,1711.0,264.0,Mobile
1060.0,2482.0,1414.0,208.0,Mobile
1061.0,1249.0,1077.0,13.0,TV
1062.0,623.0,1040.0,225.0,Tablet
1063.0,,1924.0,195.0,Console
1064.0,665.0,1456.0,44.0,Mobile
1065.0,1047.0,1300.0,55.0,TV
1066.0,1946.0,1962.0,110.0,Tablet
1067.0,253.0,1171.0,248.0,PC
1068.0,866.0,1784.0,220.0,Console
1069.0,878.0,1906.0,73.0,Console
1070.0,1711.0,1146.0,63.0,PC
1071.0,773.0,1037.0,88.0,Tablet
1072.0,,1874.0,197.0,Mobile
1073.0,287.0,1584.0,261.0,Mobile
1074.0,2612.0,1013.0,119.0,Tablet
1075.0,454.0,1159.0,137.0,Mobile
1076.0,2020.0,1895.0,35.0,Tablet
1077.0,1008.0,1242.0,100.0,Tablet
1078.0,525.0,1152.0,162.0,Tablet
1079.0,448.0,1068.0,181.0,Console
1080.0,2778.0,1640.0,126.0,TV
1081.0,1448.0,1739.0,247.0,Console
1082.0,1638.0,1331.0,181.0,Tablet
1083.0,,1692.0,91.0,
1084.0,638.0,1348.0,279.0,Console
1085.0,1927.0,1885.0,259.0,Tablet
1086.0,,1089.0,105.0,Mobile
1087.0,1084.0,1166.0,196.0,Tablet
1088.0,884.0,1002.0,175.0,Console
1089.0,897.0,1994.0,,Mobile
1090.0,152.0,1047.0,,PC
1091.0,934.0,1581.0,259.0,Tablet
1092.0,500.0,1496.0,86.0,TV
,719.0,1501.0,33.0,TV
1094.0,584.0,1291.0,146.0,PC
1095.0,1490.0,1377.0,,Mobile
1096.0,913.0,1360.0,291.0,Tablet
1097.0,839.0,1050.0,263.0,Console
1098.0,626.0,1070.0,136.0,Tablet
1099.0,1096.0,1719.0,222.0,Console
1100.0,1040.0,1351.0,53.0,Console
1101.0,1602.0,1311.0,58.0,Console
1102.0,235.0,1336.0,32.0,TV
1103.0,263.0,1034.0,242.0,Mobile
1104.0,688.0,1991.0,12.0,Console
,742.0,1592.0,36.0,PC
1106.0,1214.0,1059.0,279.0,Tablet
1107.0,1146.0,1205.0,190.0,PC
1108.0,36.0,1293.0,220.0,TV
1109.0,1577.0,1685.0,70.0,Tablet
1110.0,2779.0,1171.0,99.0,PC
1111.0,2632.0,1119.0,289.0,
1112.0,1462.0,1678.0,139.0,Console
1113.0,1509.0,1675.0,222.0,Tablet
1114.0,1812.0,1205.0,2.0,TV
,2365.0,1308.0,118.0,Mobile
1116.0,2346.0,1171.0,,Tablet
1117.0,2539.0,1852.0,75.0,Console
1118.0,272.0,1913.0,226.0,Console
1119.0,1404.0,1990.0,235.0,TV
1120.0,2560.0,1688.0,135.0,TV
1121.0,2040.0,1064.0,274.0,Tablet
,2990.0,,145.0,Tablet
1123.0,2557.0,1808.0,6.0,TV
1124.0,2008.0,1921.0,253.0,Console
1125.0,1987.0,1780.0,126.0,PC
1126.0,1757.0,1572.0,126.0,Tablet
1127.0,326.0,1946.0,217.0,PC
1128.0,2728.0,1246.0,112.0,Console
1129.0,872.0,1634.0,210.0,Tablet
1130.0,1262.0,1485.0,16.0,PC
1131.0,1052.0,1488.0,237.0,PC
1132.0,1110.0,1948.0,197.0,TV
1133.0,2134.0,1073.0,192.0,PC
1134.0,1673.0,1369.0,192.0,Tablet
1135.0,,1284.0,67.0,Tablet
1136.0,2609.0,1394.0,143.0,TV
1137.0,109.0,1171.0,159.0,Mobile
1138.0,1228.0,1109.0,28.0,Tablet
,1157.0,,,Console
1140.0,2771.0,1656.0,,PC
1141.0,868.0,1302.0,70.0,Console
1142.0,2057.0,1906.0,287.0,Console
1143.0,1698.0,1400.0,,TV
1144.0,1163.0,1142.0,122.0,TV
1145.0,219.0,1584.0,241.0,Tablet
1146.0,990.0,1251.0,261.0,Console
1147.0,978.0,1100.0,220.0,Tablet
1148.0,483.0,1435.0,76.0,Console
1149.0,2309.0,1493.0,21.0,Console
1150.0,775.0,1788.0,35.0,Mobile
1151.0,2095.0,1381.0,176.0,TV
1152.0,2166.0,1048.0,266.0,Console
1153.0,142.0,1348.0,156.0,Mobile
1154.0,2743.0,1256.0,297.0,Tablet
1155.0,1034.0,1433.0,114.0,TV
1156.0,2015.0,1850.0,0.0,Console
,2673.0,1384.0,273.0,PC
1158.0,2277.0,1329.0,55.0,PC
1159.0,2845.0,1607.0,152.0,Tablet
1160.0,1734.0,1573.0,64.0,Tablet
1161.0,2378.0,1158.0,119.0,TV
1162.0,,1001.0,,Tablet
1163.0,2066.0,1735.0,215.0,Tablet
1164.0,2313.0,1605.0,159.0,Console
1165.0,359.0,1636.0,234.0,TV
1166.0,565.0,1597.0,102.0,
1167.0,2623.0,1050.0,98.0,Tablet
1168.0,2543.0,1095.0,185.0,Tablet
1169.0,279.0,1663.0,194.0,Console
,2554.0,1639.0,83.0,Mobile
1171.0,2597.0,1498.0,271.0,Mobile
1172.0,213.0,1691.0,186.0,
1173.0,370.0,1157.0,54.0,Mobile
1174.0,38.0,1015.0,125.0,Console
1175.0,1606.0,1305.0,226.0,
1176.0,2313.0,,229.0,Tablet
1177.0,1007.0,1300.0,226.0,Tablet
1178.0,,1011.0,148.0,Mobile
1179.0,2529.0,1860.0,152.0,Mobile
1180.0,641.0,1857.0,273.0,Console
1181.0,517.0,1179.0,,TV
1182.0,327.0,1068.0,8.0,TV
1183.0,210.0,1213.0,195.0,Console
1184.0,1212.0,1059.0,5.0,TV
1185.0,2815.0,1682.0,91.0,Console
1186.0,1745.0,1473.0,209.0,Console
1187.0,1899.0,1887.0,276.0,PC
1188.0,970.0,1659.0,114.0,TV
1189.0,1217.0,,246.0,PC
1190.0,1116.0,1298.0,141.0,Console
1191.0,2645.0,1909.0,233.0,Tablet
1192.0,1916.0,1960.0,30.0,Mobile
1193.0,,1597.0,134.0,TV
1194.0,1522.0,1981.0,258.0,Tablet
1195.0,2577.0,1721.0,80.0,Mobile
1196.0,2388.0,1021.0,17.0,Tablet
1197.0,1592.0,,274.0,Console
1198.0,718.0,1634.0,104.0,Console
1199.0,2062.0,1955.0,164.0,Tablet
1200.0,107.0,1026.0,109.0,
1201.0,1960.0,1133.0,113.0,TV
1202.0,2718.0,1416.0,28.0,Console
1203.0,1019.0,1189.0,,Tablet
1204.0,2090.0,1188.0,109.0,Console
1205.0,1066.0,1409.0,61.0,Console
1206.0,2076.0,1412.0,79.0,Mobile
1207.0,1006.0,1322.0,45.0,PC
1208.0,662.0,1913.0,83.0,Mobile
1209.0,93.0,1873.0,90.0,Tablet
1210.0,1709.0,1086.0,189.0,Console
1211.0,1222.0,1644.0,254.0,Tablet
1212.0,452.0,1085.0,209.0,Tablet
1213.0,2281.0,1529.0,294.0,PC
1214.0,2980.0,1471.0,,
1215.0,,1087.0,66.0,Tablet
1216.0,96.0,1310.0,288.0,
1217.0,2088.0,1822.0,9.0,Tablet
1218.0,1472.0,1009.0,100.0,TV
1219.0,990.0,1662.0,88.0,Console
1220.0,2864.0,1475.0,205.0,PC
1221.0,2075.0,1468.0,213.0,Console
1222.0,2486.0,1444.0,39.0,PC
1223.0,215.0,1583.0,154.0,TV
1224.0,1122.0,,108.0,Tablet
1225.0,2390.0,1875.0,82.0,Tablet
1226.0,458.0,1607.0,236.0,PC
1227.0,1872.0,1581.0,263.0,Mobile
1228.0,1643.0,1683.0,100.0,Tablet
1229.0,2394.0,1297.0,173.0,
1230.0,2855.0,,24.0,Mobile
1231.0,2547.0,,130.0,
1232.0,312.0,1434.0,29.0,Console
1233.0,1039.0,1683.0,97.0,Tablet
,1122.0,1256.0,101.0,Console
1235.0,1605.0,1582.0,297.0,TV
1236.0,336.0,1596.0,195.0,PC
1237.0,2829.0,1243.0,222.0,Console
1238.0,1514.0,1507.0,205.0,Mobile
1239.0,2164.0,1526.0,148.0,Console
1240.0,2805.0,,92.0,PC
,,1555.0,87.0,PC
1242.0,2231.0,1422.0,233.0,
1243.0,269.0,1123.0,182.0,Tablet
1244.0,1525.0,1257.0,270.0,
1245.0,2155.0,1317.0,136.0,Console
1246.0,1304.0,1732.0,214.0,Tablet
1247.0,2158.0,1932.0,184.0,Tablet
1248.0,1979.0,1896.0,254.0,TV
1249.0,1931.0,1800.0,167.0,PC
1250.0,2412.0,1068.0,48.0,Console
1251.0,1233.0,1448.0,15.0,PC
1252.0,2296.0,1424.0,109.0,Tablet
1253.0,2508.0,1684.0,176.0,Tablet
1254.0,2843.0,1403.0,16.0,Mobile
1255.0,389.0,1516.0,58.0,TV
1256.0,1443.0,1230.0,209.0,Console
1257.0,1829.0,1037.0,234.0,Tablet
1258.0,1601.0,1272.0,245.0,Tablet
1259.0,1809.0,1207.0,12.0,TV
1260.0,1095.0,1246.0,58.0,TV
1261.0,270.0,1237.0,219.0,Mobile
1262.0,2560.0,1133.0,249.0,PC
1263.0,153.0,1074.0,99.0,PC
1264.0,1077.0,1306.0,213.0,PC
1265.0,2592.0,1414.0,159.0,Tablet
1266.0,2785.0,1730.0,59.0,Mobile
1267.0,2014.0,1145.0,201.0,Console
1268.0,899.0,1884.0,,Mobile
1269.0,2971.0,1805.0,13.0,PC
1270.0,2743.0,1061.0,79.0,TV
1271.0,2922.0,1649.0,289.0,Tablet
1272.0,127.0,1192.0,240.0,Tablet
1273.0,2231.0,1519.0,299.0,Tablet
1274.0,1017.0,1626.0,276.0,Mobile
1275.0,1039.0,1204.0,229.0,Tablet
1276.0,2304.0,1644.0,,Mobile
1277.0,22.0,1616.0,196.0,Console
1278.0,2465.0,1079.0,151.0,TV
1279.0,2310.0,1450.0,182.0,PC
1280.0,,1323.0,295.0,Mobile
1281.0,280.0,1238.0,111.0,Mobile
1282.0,1638.0,1836.0,84.0,Mobile
1283.0,1807.0,1968.0,21.0,Mobile
1284.0,,1190.0,,
1285.0,1081.0,1233.0,280.0,Console
1286.0,1249.0,1458.0,54.0,Console
1287.0,1178.0,1803.0,294.0,Mobile
1288.0,1433.0,1200.0,216.0,Console
1289.0,1154.0,1652.0,178.0,Mobile
1290.0,2460.0,1695.0,210.0,Console
1291.0,2230.0,1018.0,292.0,TV
1292.0,1149.0,1498.0,104.0,Tablet
1293.0,872.0,1636.0,63.0,TV
1294.0,1636.0,1845.0,61.0,Console
1295.0,1458.0,1035.0,44.0,TV
1296.0,1999.0,1306.0,236.0,TV
1297.0,842.0,1625.0,195.0,PC
1298.0,953.0,1255.0,40.0,Tablet
1299.0,2843.0,1501.0,295.0,Tablet
1300.0,726.0,1130.0,269.0,Console
1301.0,,1618.0,13.0,Mobile
1302.0,49.0,1483.0,9.0,PC
1303.0,20.0,1350.0,72.0,TV
1304.0,975.0,1833.0,118.0,Tablet
1305.0,981.0,1703.0,248.0,PC
1306.0,240.0,1949.0,58.0,
1307.0,1852.0,1368.0,92.0,PC
1308.0,2938.0,1679.0,167.0,PC
1309.0,861.0,1840.0,183.0,
1310.0,1195.0,1524.0,127.0,Console
1311.0,1759.0,1448.0,83.0,PC
1312.0,376.0,1712.0,134.0,Mobile
1313.0,2301.0,1911.0,42.0,PC
1314.0,2904.0,1364.0,115.0,TV
1315.0,342.0,1496.0,21.0,Tablet
1316.0,1571.0,1229.0,6.0,TV
1317.0,1257.0,1978.0,101.0,TV
1318.0,823.0,1640.0,227.0,PC
1319.0,1095.0,1906.0,220.0,Mobile
1320.0,363.0,1795.0,34.0,PC
1321.0,2889.0,1138.0,109.0,Mobile
1322.0,1172.0,1222.0,250.0,Mobile
1323.0,2256.0,1509.0,254.0,TV
1324.0,440.0,,84.0,Console
1325.0,1045.0,1849.0,199.0,TV
1326.0,1779.0,1522.0,96.0,Tablet
1327.0,859.0,1392.0,115.0,Tablet
1328.0,1558.0,1182.0,173.0,Console
1329.0,680.0,,277.0,Tablet
1330.0,2810.0,1567.0,33.0,PC
1331.0,1177.0,1637.0,108.0,Tablet
1332.0,2187.0,1096.0,223.0,PC
1333.0,448.0,1366.0,272.0,TV
1334.0,859.0,1787.0,113.0,TV
1335.0,626.0,1053.0,87.0,Mobile
,1958.0,1399.0,232.0,Tablet
1337.0,2427.0,1731.0,205.0,TV
1338.0,800.0,2000.0,282.0,Tablet
1339.0,932.0,1940.0,281.0,Tablet
1340.0,2118.0,1821.0,3.0,Console
1341.0,771.0,1882.0,66.0,Tablet
1342.0,151.0,1784.0,161.0,PC
1343.0,2009.0,1196.0,136.0,TV
1344.0,829.0,1714.0,293.0,Console
1345.0,383.0,1094.0,114.0,Tablet
1346.0,2122.0,1141.0,88.0,TV
1347.0,2515.0,1339.0,289.0,Console
,357.0,1423.0,21.0,Console
,1558.0,1125.0,248.0,TV
1350.0,1988.0,1522.0,211.0,TV
,1372.0,1453.0,19.0,PC
1352.0,112.0,1728.0,101.0,TV
1353.0,2373.0,1937.0,242.0,TV
1354.0,1410.0,1488.0,,
1355.0,1116.0,1891.0,22.0,Tablet
1356.0,316.0,1005.0,273.0,TV
,1877.0,1700.0,100.0,Mobile
,2554.0,1407.0,153.0,Mobile
1359.0,1515.0,1447.0,217.0,TV
1360.0,628.0,1581.0,272.0,Console
1361.0,15.0,1441.0,252.0,Console
1362.0,1884.0,1630.0,32.0,Console
1363.0,877.0,1573.0,292.0,Console
1364.0,244.0,1810.0,202.0,TV
1365.0,1723.0,1945.0,59.0,Tablet
1366.0,1805.0,1230.0,288.0,Mobile
1367.0,822.0,,185.0,Console
1368.0,809.0,1208.0,7.0,Console
1369.0,2685.0,,44.0,Tablet
1370.0,592.0,1269.0,100.0,
,228.0,1032.0,49.0,
1372.0,2773.0,1697.0,63.0,Mobile
,2344.0,1958.0,230.0,Console
1374.0,835.0,1657.0,253.0,Tablet
1375.0,1582.0,1353.0,221.0,TV
1376.0,742.0,1112.0,81.0,PC
1377.0,2929.0,1361.0,228.0,TV
1378.0,2157.0,1067.0,268.0,PC
1379.0,297.0,1480.0,119.0,Tablet
1380.0,218.0,1005.0,269.0,Console
1381.0,2103.0,1796.0,214.0,Console
1382.0,1441.0,1779.0,179.0,Mobile
1383.0,1847.0,1916.0,26.0,PC
1384.0,117.0,1756.0,254.0,PC
1385.0,2647.0,1063.0,142.0,Tablet
1386.0,2610.0,1047.0,180.0,Console
1387.0,2606.0,1841.0,75.0,Console
1388.0,435.0,1169.0,256.0,PC
,524.0,1384.0,245.0,TV
1390.0,664.0,1899.0,153.0,TV
1391.0,2964.0,1120.0,258.0,TV
1392.0,2768.0,1095.0,168.0,Mobile
1393.0,1117.0,1385.0,80.0,Console
1394.0,1819.0,1137.0,94.0,TV
1395.0,2961.0,1273.0,48.0,PC
1396.0,,1102.0,32.0,Tablet
1397.0,1206.0,1110.0,182.0,Tablet
1398.0,2353.0,1780.0,19.0,Tablet
1399.0,88.0,1412.0,272.0,PC
1400.0,2905.0,1932.0,95.0,Mobile
1401.0,1526.0,1175.0,50.0,Console
1402.0,1320.0,1972.0,246.0,Tablet
1403.0,1781.0,1766.0,192.0,Mobile
1404.0,2479.0,1676.0,274.0,Console
1405.0,2046.0,1491.0,,Console
1406.0,1629.0,1468.0,101.0,Tablet
1407.0,1134.0,1618.0,10.0,Mobile
1408.0,770.0,1678.0,218.0,Console
1409.0,2073.0,1739.0,148.0,TV
1410.0,614.0,1078.0,245.0,Tablet
1411.0,2738.0,1456.0,88.0,Tablet
1412.0,1056.0,1850.0,227.0,Console
1413.0,2261.0,1094.0,260.0,Console
1414.0,,1907.0,,Mobile
1415.0,2531.0,1684.0,65.0,Console
1416.0,1001.0,1232.0,101.0,PC
,156.0,1233.0,60.0,Tablet
1418.0,953.0,1109.0,102.0,Mobile
1419.0,302.0,,25.0,Tablet
,2344.0,1467.0,244.0,PC
1421.0,1193.0,1581.0,19.0,Mobile
1422.0,991.0,1309.0,218.0,TV
1423.0,1308.0,1401.0,103.0,Console
1424.0,2115.0,1317.0,150.0,TV
1425.0,2796.0,1719.0,221.0,Console
1426.0,45.0,1044.0,212.0,Tablet
1427.0,1917.0,1679.0,126.0,Mobile
1428.0,2528.0,1314.0,59.0,Tablet
1429.0,1365.0,1783.0,24.0,PC
1430.0,1167.0,1504.0,,Mobile
,1213.0,1943.0,215.0,PC
1432.0,182.0,1536.0,144.0,PC
1433.0,910.0,1407.0,295.0,PC
1434.0,,1965.0,296.0,Tablet
1435.0,1377.0,1595.0,291.0,
1436.0,1223.0,1956.0,55.0,PC
1437.0,1452.0,1968.0,179.0,Mobile
1438.0,2439.0,1837.0,,Tablet
1439.0,2677.0,1612.0,115.0,PC
1440.0,2258.0,1109.0,274.0,PC
1441.0,903.0,1551.0,19.0,PC
1442.0,1181.0,1752.0,89.0,Mobile
1443.0,1290.0,1845.0,265.0,Console
1444.0,1771.0,1222.0,47.0,Console
1445.0,1072.0,1869.0,126.0,TV
1446.0,2457.0,1499.0,95.0,TV
1447.0,47.0,1390.0,47.0,Mobile
1448.0,2355.0,1470.0,246.0,Mobile
1449.0,98.0,1290.0,297.0,Tablet
1450.0,1777.0,1100.0,21.0,Mobile
1451.0,28.0,1975.0,176.0,Tablet
1452.0,2370.0,1632.0,219.0,PC
1453.0,491.0,1427.0,157.0,Console
1454.0,2045.0,1331.0,211.0,
1455.0,1398.0,1563.0,3.0,Console
1456.0,1206.0,1675.0,60.0,PC
1457.0,1137.0,1219.0,123.0,TV
1458.0,1726.0,1596.0,223.0,
1459.0,2000.0,1234.0,173.0,Tablet
1460.0,1850.0,1345.0,191.0,Console
1461.0,1717.0,1351.0,189.0,PC
1462.0,,1076.0,111.0,PC
1463.0,1189.0,1963.0,24.0,Mobile
1464.0,262.0,,167.0,Console
,2108.0,1539.0,21.0,Mobile
1466.0,1213.0,1114.0,28.0,TV
1467.0,2978.0,1694.0,171.0,TV
1468.0,,1113.0,21.0,Console
1469.0,2779.0,1321.0,,PC
1470.0,,1143.0,147.0,Mobile
1471.0,859.0,1465.0,177.0,TV
1472.0,1516.0,1814.0,91.0,TV
1473.0,2435.0,1496.0,23.0,PC
1474.0,2495.0,1150.0,275.0,Console
1475.0,1013.0,1148.0,10.0,Mobile
1476.0,2911.0,1850.0,245.0,PC
1477.0,1083.0,1683.0,188.0,Tablet
1478.0,1057.0,1643.0,218.0,Mobile
,1242.0,1909.0,297.0,Mobile
1480.0,,1146.0,,TV
1481.0,1691.0,1496.0,112.0,
1482.0,1951.0,1999.0,199.0,Mobile
1483.0,6.0,1385.0,254.0,TV
,2909.0,,120.0,Console
1485.0,1967.0,1199.0,284.0,PC
1486.0,2569.0,,201.0,Tablet
1487.0,370.0,1309.0,274.0,Tablet
,1456.0,1479.0,97.0,Tablet
1489.0,2884.0,1532.0,135.0,TV
1490.0,1962.0,1204.0,9.0,Tablet
1491.0,571.0,1204.0,58.0,TV
1492.0,2764.0,1784.0,250.0,TV
1493.0,,1501.0,94.0,PC
1494.0,1532.0,1227.0,74.0,PC
1495.0,1720.0,1646.0,203.0,Mobile
1496.0,381.0,1514.0,82.0,Mobile
1497.0,2297.0,1178.0,82.0,Tablet
1498.0,2986.0,1739.0,206.0,PC
1499.0,1040.0,1805.0,57.0,Mobile
1500.0,1598.0,1033.0,182.0,PC
1501.0,1115.0,1780.0,53.0,Mobile
1502.0,2557.0,1210.0,206.0,TV
1503.0,980.0,1569.0,43.0,PC
1504.0,1562.0,1300.0,5.0,PC
1505.0,1208.0,1175.0,144.0,TV
1506.0,1234.0,1887.0,186.0,Console
1507.0,2351.0,1475.0,91.0,Mobile
1508.0,,1423.0,259.0,TV
1509.0,774.0,1798.0,235.0,PC
1510.0,292.0,1334.0,7.0,Mobile
1511.0,2224.0,1252.0,87.0,TV
1512.0,2050.0,1235.0,43.0,Console
1513.0,1040.0,1091.0,237.0,Tablet
1514.0,2936.0,1048.0,244.0,Mobile
1515.0,2102.0,1967.0,94.0,TV
1516.0,2484.0,1904.0,43.0,PC
1517.0,1443.0,1452.0,254.0,PC
1518.0,1186.0,1670.0,0.0,Mobile
1519.0,2278.0,1482.0,141.0,PC
,1539.0,1193.0,12.0,TV
1521.0,782.0,1389.0,178.0,Console
1522.0,2434.0,1417.0,203.0,
1523.0,1217.0,1306.0,94.0,TV
1524.0,1101.0,1568.0,181.0,PC
1525.0,1443.0,1535.0,,TV
1526.0,2180.0,1156.0,165.0,PC
1527.0,1887.0,,99.0,Console
1528.0,2629.0,1721.0,240.0,
1529.0,,1057.0,191.0,Console
1530.0,2672.0,1012.0,54.0,Console
1531.0,367.0,1096.0,275.0,PC
1532.0,2474.0,1407.0,180.0,Mobile
1533.0,1520.0,1915.0,84.0,
1534.0,2660.0,1453.0,94.0,Tablet
1535.0,215.0,1798.0,11.0,TV
,786.0,1287.0,,Mobile
,409.0,1560.0,264.0,Console
1538.0,1659.0,1659.0,101.0,PC
1539.0,2469.0,1675.0,,Mobile
1540.0,2478.0,1481.0,256.0,Console
1541.0,2709.0,1875.0,200.0,Mobile
1542.0,574.0,1413.0,62.0,TV
,2767.0,1317.0,244.0,PC
1544.0,411.0,1406.0,241.0,TV
1545.0,1330.0,1905.0,108.0,Console
1546.0,814.0,1113.0,154.0,
1547.0,2253.0,1238.0,8.0,Console
1548.0,1651.0,1465.0,272.0,Tablet
1549.0,2081.0,1908.0,134.0,PC
1550.0,2887.0,1381.0,131.0,Mobile
1551.0,1439.0,1381.0,174.0,PC
1552.0,2768.0,1073.0,164.0,Console
1553.0,533.0,1944.0,93.0,Console
1554.0,1764.0,1292.0,236.0,Mobile
1555.0,1129.0,,211.0,TV
1556.0,168.0,1701.0,175.0,TV
1557.0,1739.0,1056.0,252.0,Mobile
1558.0,66.0,1705.0,9.0,Console
,1633.0,1991.0,34.0,TV
1560.0,762.0,1382.0,237.0,PC
1561.0,1745.0,1869.0,137.0,Console
1562.0,496.0,1650.0,222.0,PC
1563.0,565.0,1657.0,12.0,PC
1564.0,482.0,1558.0,252.0,Console
1565.0,479.0,1767.0,49.0,PC
1566.0,88.0,1875.0,57.0,Mobile
1567.0,665.0,1946.0,268.0,Mobile
1568.0,1568.0,1266.0,,Tablet
1569.0,1039.0,1442.0,223.0,Mobile
1570.0,581.0,1108.0,11.0,Mobile
1571.0,1909.0,1563.0,,TV
1572.0,2611.0,1272.0,250.0,Mobile
1573.0,1408.0,1486.0,224.0,Tablet
1574.0,2019.0,1371.0,14.0,Console
1575.0,2404.0,1482.0,126.0,PC
1576.0,675.0,1929.0,143.0,Tablet
1577.0,2635.0,1116.0,287.0,Tablet
1578.0,1500.0,1930.0,128.0,Tablet
1579.0,1374.0,1370.0,248.0,Console
1580.0,2437.0,1781.0,14.0,Mobile
1581.0,1736.0,1814.0,192.0,Console
1582.0,1894.0,1653.0,70.0,PC
1583.0,166.0,1582.0,220.0,Tablet
1584.0,1961.0,1928.0,,Tablet
,1769.0,1737.0,256.0,Console
1586.0,461.0,1026.0,156.0,PC
1587.0,1988.0,1700.0,103.0,TV
1588.0,679.0,1436.0,16.0,Tablet
1589.0,1255.0,1608.0,132.0,PC
1590.0,2324.0,1471.0,234.0,Tablet
1591.0,502.0,1248.0,63.0,PC
1592.0,1610.0,1493.0,37.0,Mobile
1593.0,918.0,1899.0,193.0,Tablet
1594.0,972.0,1835.0,75.0,TV
1595.0,2509.0,1083.0,220.0,TV
1596.0,2623.0,1456.0,260.0,PC
1597.0,2183.0,1447.0,138.0,TV
1598.0,519.0,1815.0,289.0,PC
1599.0,681.0,1360.0,45.0,Tablet
1600.0,596.0,1374.0,209.0,PC
1601.0,377.0,1189.0,138.0,Console
1602.0,2292.0,1407.0,115.0,Console
1603.0,2832.0,1655.0,187.0,Console
1604.0,,1482.0,1.0,PC
1605.0,2100.0,1653.0,196.0,Mobile
,1228.0,1755.0,218.0,Mobile
1607.0,1391.0,1153.0,,PC
1608.0,1961.0,1355.0,248.0,Tablet
1609.0,1969.0,1961.0,165.0,Console
1610.0,308.0,1502.0,6.0,TV
1611.0,1343.0,,120.0,Console
1612.0,1364.0,1805.0,,Console
1613.0,2234.0,1866.0,9.0,Console
1614.0,1346.0,1746.0,195.0,PC
1615.0,104.0,1109.0,165.0,TV
1616.0,2794.0,1151.0,299.0,TV
1617.0,2630.0,1759.0,84.0,Console
1618.0,2397.0,1428.0,,Mobile
1619.0,2870.0,1697.0,1.0,TV
1620.0,2048.0,1619.0,187.0,Mobile
1621.0,2976.0,1520.0,250.0,Console
1622.0,1574.0,1866.0,154.0,Tablet
1623.0,2308.0,1284.0,283.0,TV
,909.0,1920.0,6.0,Console
1625.0,2247.0,1415.0,184.0,TV
1626.0,473.0,,15.0,Mobile
1627.0,1761.0,1868.0,291.0,Mobile
1628.0,291.0,1385.0,187.0,PC
1629.0,1128.0,1132.0,102.0,PC
1630.0,1020.0,1200.0,160.0,Console
,1230.0,1647.0,167.0,Tablet
1632.0,1901.0,1253.0,91.0,Tablet
1633.0,1378.0,1084.0,259.0,Tablet
1634.0,209.0,1019.0,59.0,Tablet
1635.0,394.0,1501.0,186.0,PC
1636.0,1041.0,1310.0,98.0,PC
1637.0,2835.0,1514.0,170.0,TV
1638.0,449.0,1612.0,137.0,TV
1639.0,2815.0,1734.0,230.0,TV
1640.0,1404.0,,190.0,TV
1641.0,465.0,1201.0,129.0,
1642.0,780.0,1698.0,166.0,TV
1643.0,2844.0,1960.0,131.0,TV
1644.0,881.0,1184.0,161.0,
1645.0,2389.0,1240.0,87.0,Mobile
1646.0,523.0,1909.0,55.0,TV
1647.0,550.0,1000.0,275.0,Console
1648.0,1048.0,1076.0,225.0,Mobile
1649.0,2240.0,1410.0,300.0,TV
1650.0,1330.0,1760.0,104.0,TV
1651.0,1539.0,1601.0,91.0,TV
,2298.0,1305.0,297.0,PC
1653.0,1260.0,1686.0,167.0,PC
1654.0,2062.0,1199.0,248.0,PC
1655.0,1346.0,1956.0,97.0,Console
1656.0,859.0,1210.0,263.0,Mobile
1657.0,599.0,,255.0,PC
1658.0,2130.0,1028.0,25.0,TV
1659.0,1049.0,1223.0,10.0,Console
1660.0,688.0,1488.0,102.0,PC
1661.0,,1991.0,297.0,PC
1662.0,678.0,1188.0,127.0,Console
1663.0,1332.0,1201.0,141.0,Mobile
1664.0,677.0,1783.0,297.0,Tablet
1665.0,2396.0,1010.0,297.0,TV
1666.0,2832.0,1171.0,221.0,Mobile
1667.0,582.0,1974.0,140.0,TV
1668.0,1948.0,1297.0,287.0,Console
1669.0,2212.0,1160.0,257.0,Mobile
1670.0,1560.0,1883.0,169.0,Tablet
1671.0,1604.0,1132.0,257.0,Tablet
1672.0,374.0,1823.0,,TV
1673.0,924.0,1679.0,136.0,TV
1674.0,,1082.0,8.0,Tablet
1675.0,515.0,1270.0,83.0,Mobile
1676.0,87.0,1854.0,48.0,Mobile
1677.0,2749.0,1834.0,3.0,Tablet
1678.0,1235.0,1015.0,296.0,TV
1679.0,996.0,1473.0,193.0,Mobile
1680.0,2316.0,1194.0,262.0,Tablet
,565.0,1899.0,299.0,Tablet
1682.0,1682.0,1838.0,259.0,TV
1683.0,1765.0,1529.0,118.0,PC
1684.0,552.0,1439.0,137.0,Console
1685.0,1214.0,1089.0,147.0,PC
1686.0,388.0,1902.0,235.0,TV
1687.0,1261.0,1209.0,161.0,PC
1688.0,322.0,1043.0,38.0,TV
1689.0,686.0,1844.0,140.0,Mobile
1690.0,268.0,1484.0,127.0,TV
1691.0,233.0,1792.0,118.0,Mobile
1692.0,2772.0,1995.0,161.0,TV
1693.0,419.0,1521.0,,PC
1694.0,1995.0,1913.0,,PC
1695.0,1291.0,1022.0,116.0,TV
1696.0,1174.0,,36.0,Console
1697.0,2718.0,,278.0,TV
1698.0,264.0,1374.0,159.0,
1699.0,103.0,1850.0,99.0,Tablet
1700.0,1554.0,1622.0,53.0,Tablet
1701.0,1777.0,1225.0,74.0,Mobile
1702.0,1883.0,1438.0,59.0,Mobile
,965.0,1385.0,95.0,Console
1704.0,2018.0,1432.0,40.0,Tablet
1705.0,,1958.0,72.0,Console
1706.0,392.0,1315.0,70.0,Tablet
1707.0,2150.0,1951.0,2.0,Console
1708.0,641.0,1040.0,3.0,Console
1709.0,574.0,1790.0,159.0,Mobile
1710.0,1577.0,1538.0,292.0,Console
1711.0,2282.0,1630.0,96.0,Mobile
1712.0,,,227.0,TV
,2921.0,1462.0,180.0,TV
1714.0,1955.0,1711.0,245.0,Mobile
1715.0,2901.0,1396.0,270.0,Console
1716.0,636.0,1982.0,230.0,Console
1717.0,842.0,1899.0,48.0,PC
1718.0,669.0,1307.0,126.0,PC
1719.0,2153.0,1575.0,11.0,Mobile
1720.0,559.0,1471.0,,Console
1721.0,1048.0,1166.0,187.0,Console
1722.0,330.0,1303.0,122.0,Mobile
1723.0,397.0,1457.0,112.0,PC
1724.0,1482.0,1387.0,130.0,PC
1725.0,1894.0,1979.0,6.0,TV
1726.0,2617.0,1163.0,290.0,TV
1727.0,2089.0,1172.0,188.0,PC
1728.0,435.0,1312.0,79.0,TV
1729.0,146.0,1708.0,300.0,Tablet
1730.0,1214.0,1332.0,5.0,PC
,188.0,1396.0,71.0,TV
1732.0,1919.0,,257.0,Console
1733.0,2597.0,1088.0,238.0,Mobile
1734.0,,1991.0,287.0,PC
1735.0,411.0,1149.0,144.0,TV
1736.0,8.0,1407.0,54.0,Mobile
1737.0,144.0,1470.0,147.0,PC
1738.0,1235.0,1713.0,265.0,Tablet
1739.0,2799.0,,193.0,TV
1740.0,947.0,1491.0,227.0,Tablet
,1554.0,1019.0,90.0,TV
1742.0,,1519.0,31.0,TV
1743.0,1705.0,1902.0,185.0,Tablet
1744.0,2662.0,1834.0,40.0,PC
1745.0,2074.0,1967.0,270.0,Tablet
1746.0,1526.0,,59.0,Mobile
,783.0,1124.0,182.0,
1748.0,1106.0,1552.0,110.0,PC
1749.0,1785.0,1075.0,85.0,TV
1750.0,1959.0,1822.0,53.0,TV
1751.0,307.0,1954.0,79.0,Console
1752.0,2033.0,1365.0,140.0,Mobile
1753.0,1484.0,1790.0,,Mobile
1754.0,2775.0,1245.0,176.0,Tablet
1755.0,699.0,1816.0,118.0,Mobile
1756.0,470.0,1009.0,157.0,PC
1757.0,2518.0,1197.0,34.0,TV
1758.0,2334.0,1477.0,211.0,
1759.0,2117.0,1862.0,48.0,Console
1760.0,1914.0,1886.0,9.0,PC
1761.0,902.0,1481.0,159.0,TV
1762.0,319.0,1643.0,96.0,Console
1763.0,2798.0,1489.0,163.0,Tablet
1764.0,345.0,1258.0,170.0,Mobile
1765.0,994.0,1253.0,41.0,Mobile
1766.0,1004.0,1367.0,220.0,Mobile
1767.0,2761.0,1434.0,35.0,TV
1768.0,2887.0,1719.0,236.0,Tablet
1769.0,255.0,1162.0,42.0,Tablet
1770.0,,1775.0,192.0,PC
1771.0,,1511.0,151.0,TV
1772.0,2126.0,1071.0,17.0,PC
1773.0,719.0,1594.0,74.0,Console
1774.0,112.0,1721.0,291.0,PC
,865.0,1785.0,55.0,TV
1776.0,295.0,1270.0,87.0,Tablet
1777.0,2333.0,1161.0,117.0,TV
1778.0,498.0,1491.0,53.0,Tablet
1779.0,548.0,1588.0,138.0,TV
1780.0,1116.0,1057.0,224.0,Tablet
1781.0,1590.0,1694.0,117.0,Mobile
1782.0,2882.0,1365.0,44.0,Tablet
1783.0,2890.0,1201.0,139.0,PC
1784.0,1402.0,1407.0,57.0,Mobile
1785.0,203.0,1882.0,252.0,TV
,538.0,1811.0,292.0,TV
1787.0,1746.0,1607.0,132.0,Console
1788.0,2886.0,1873.0,198.0,
,666.0,1923.0,286.0,TV
1790.0,2718.0,1819.0,193.0,Console
1791.0,,,211.0,Console
1792.0,2781.0,1219.0,90.0,Tablet
1793.0,1438.0,1172.0,181.0,PC
1794.0,795.0,1320.0,222.0,
1795.0,1902.0,1868.0,126.0,Mobile
1796.0,2711.0,1862.0,115.0,Mobile
1797.0,2815.0,1617.0,12.0,Tablet
1798.0,99.0,1907.0,259.0,TV
1799.0,1685.0,1329.0,174.0,Tablet
1800.0,,1145.0,162.0,PC
1801.0,1511.0,1513.0,261.0,Tablet
1802.0,,2000.0,141.0,Mobile
1803.0,1378.0,1828.0,98.0,Tablet
1804.0,2032.0,1196.0,260.0,Mobile
1805.0,1028.0,1382.0,141.0,
1806.0,1534.0,1084.0,102.0,TV
1807.0,2059.0,1749.0,228.0,Console
1808.0,1623.0,1485.0,95.0,TV
1809.0,1382.0,1622.0,236.0,PC
1810.0,2945.0,1978.0,276.0,Tablet
1811.0,1093.0,1980.0,236.0,TV
1812.0,2317.0,1779.0,222.0,TV
1813.0,151.0,1428.0,85.0,PC
1814.0,1650.0,1838.0,185.0,Mobile
1815.0,2857.0,1368.0,243.0,TV
1816.0,540.0,1817.0,221.0,Console
1817.0,1409.0,1133.0,189.0,Console
1818.0,2063.0,1069.0,248.0,PC
1819.0,1054.0,1732.0,277.0,PC
1820.0,1005.0,1379.0,300.0,Console
1821.0,2039.0,1236.0,149.0,PC
1822.0,2743.0,1555.0,111.0,Tablet
1823.0,2746.0,1669.0,64.0,PC
,71.0,1924.0,6.0,
1825.0,830.0,1490.0,115.0,Console
1826.0,252.0,1794.0,151.0,Tablet
1827.0,2953.0,1320.0,45.0,Console
1828.0,942.0,1987.0,248.0,Console
1829.0,392.0,1944.0,24.0,Tablet
1830.0,2960.0,1164.0,172.0,TV
1831.0,1455.0,,82.0,Mobile
,609.0,1186.0,,Mobile
1833.0,2653.0,1292.0,7.0,PC
1834.0,1544.0,1343.0,25.0,Mobile
1835.0,253.0,1221.0,168.0,Console
1836.0,947.0,,284.0,PC
1837.0,690.0,1370.0,218.0,PC
1838.0,922.0,1160.0,211.0,PC
1839.0,2723.0,1864.0,283.0,PC
1840.0,1259.0,1608.0,155.0,Console
1841.0,2282.0,1057.0,271.0,PC
1842.0,1301.0,1851.0,97.0,Mobile
1843.0,1513.0,1142.0,300.0,TV
1844.0,78.0,1006.0,193.0,
1845.0,2911.0,1884.0,155.0,TV
1846.0,,,195.0,TV
1847.0,89.0,1796.0,159.0,Tablet
1848.0,985.0,1606.0,143.0,Tablet
1849.0,1730.0,1838.0,290.0,Mobile
1850.0,1575.0,1008.0,164.0,PC
1851.0,223.0,1550.0,164.0,Mobile
1852.0,812.0,1717.0,12.0,TV
1853.0,207.0,1998.0,33.0,Mobile
1854.0,70.0,1922.0,19.0,Console
1855.0,1466.0,1471.0,107.0,Console
1856.0,1356.0,1988.0,51.0,Mobile
1857.0,237.0,1074.0,216.0,PC
1858.0,1617.0,1815.0,263.0,TV
1859.0,28.0,,269.0,Console
1860.0,,1468.0,,
1861.0,23.0,1918.0,271.0,TV
1862.0,2346.0,1218.0,228.0,Console
1863.0,2589.0,1963.0,141.0,Console
,1375.0,1287.0,45.0,Mobile
1865.0,2783.0,1082.0,10.0,Mobile
1866.0,696.0,1489.0,224.0,PC
1867.0,2775.0,1097.0,32.0,Tablet
1868.0,1622.0,1735.0,146.0,Console
,498.0,1402.0,207.0,PC
1870.0,120.0,1447.0,10.0,Mobile
1871.0,2848.0,1917.0,33.0,Mobile
1872.0,,1951.0,285.0,PC
1873.0,1493.0,1496.0,220.0,PC
1874.0,1231.0,1666.0,254.0,Tablet
1875.0,2263.0,1708.0,210.0,TV
1876.0,2755.0,1930.0,295.0,PC
1877.0,1763.0,1107.0,295.0,Mobile
1878.0,2168.0,1159.0,214.0,TV
1879.0,1583.0,1420.0,128.0,PC
1880.0,2958.0,1998.0,178.0,Tablet
1881.0,2967.0,1366.0,249.0,Tablet
1882.0,2666.0,1042.0,98.0,
1883.0,1714.0,1239.0,39.0,PC
1884.0,1053.0,1081.0,108.0,Mobile
1885.0,956.0,1454.0,76.0,TV
1886.0,2977.0,,138.0,PC
1887.0,240.0,1993.0,,Mobile
1888.0,2495.0,1202.0,64.0,Mobile
1889.0,1030.0,1433.0,295.0,TV
1890.0,2513.0,1315.0,197.0,Console
1891.0,2924.0,,73.0,Mobile
1892.0,1288.0,1394.0,33.0,
1893.0,2061.0,1071.0,155.0,PC
,42.0,1322.0,158.0,Mobile
1895.0,1791.0,1755.0,235.0,Mobile
1896.0,2469.0,1997.0,57.0,TV
1897.0,961.0,1314.0,229.0,TV
1898.0,2350.0,1231.0,,Console
1899.0,2150.0,,0.0,Tablet
1900.0,711.0,1386.0,241.0,Mobile
1901.0,810.0,1402.0,143.0,Tablet
1902.0,2034.0,1363.0,145.0,Tablet
1903.0,1623.0,1526.0,263.0,TV
1904.0,188.0,1363.0,220.0,
1905.0,224.0,1898.0,167.0,Console
1906.0,1330.0,1826.0,290.0,Console
1907.0,1002.0,1087.0,44.0,Mobile
1908.0,1763.0,1755.0,112.0,TV
1909.0,1006.0,1700.0,238.0,Console
1910.0,,1334.0,275.0,TV
1911.0,708.0,1477.0,134.0,Mobile
1912.0,2947.0,1913.0,273.0,TV
1913.0,1756.0,1556.0,158.0,Console
1914.0,1557.0,1219.0,235.0,Console
1915.0,1331.0,1802.0,77.0,Tablet
1916.0,777.0,,179.0,TV
,1365.0,1503.0,177.0,PC
1918.0,154.0,1320.0,249.0,Tablet
1919.0,2556.0,1159.0,104.0,PC
1920.0,2090.0,1304.0,91.0,TV
1921.0,1612.0,1602.0,292.0,Console
1922.0,772.0,1003.0,104.0,Mobile
,96.0,1699.0,65.0,Mobile
1924.0,,1799.0,72.0,Mobile
1925.0,1765.0,1483.0,244.0,
1926.0,1266.0,1514.0,177.0,Console
1927.0,2772.0,,140.0,Mobile
1928.0,1310.0,1646.0,251.0,Tablet
1929.0,2060.0,1214.0,130.0,PC
1930.0,209.0,1123.0,272.0,Mobile
1931.0,1508.0,1910.0,272.0,Mobile
1932.0,1249.0,1170.0,141.0,Console
1933.0,2906.0,1488.0,73.0,Console
1934.0,1616.0,1756.0,34.0,Console
1935.0,2271.0,1388.0,229.0,
1936.0,2072.0,1303.0,197.0,TV
1937.0,2464.0,1044.0,251.0,TV
1938.0,2427.0,1140.0,61.0,Mobile
1939.0,2078.0,1127.0,184.0,TV
1940.0,722.0,1026.0,115.0,Mobile
1941.0,685.0,1176.0,198.0,PC
1942.0,2454.0,1672.0,131.0,Mobile
1943.0,1538.0,1099.0,289.0,Tablet
1944.0,1086.0,1375.0,54.0,Mobile
1945.0,252.0,1562.0,125.0,Mobile
1946.0,2743.0,1897.0,260.0,TV
1947.0,1971.0,1888.0,164.0,Mobile
1948.0,2613.0,1641.0,48.0,PC
1949.0,909.0,1227.0,126.0,PC
1950.0,,1256.0,43.0,Console
1951.0,750.0,1541.0,62.0,PC
1952.0,2990.0,1040.0,36.0,Mobile
1953.0,2057.0,1651.0,9.0,Console
1954.0,834.0,1912.0,168.0,TV
1955.0,2138.0,1159.0,169.0,Mobile
1956.0,2787.0,1115.0,231.0,Tablet
1957.0,203.0,1978.0,137.0,Mobile
1958.0,2870.0,1827.0,58.0,
1959.0,146.0,1615.0,238.0,PC
1960.0,2633.0,1938.0,78.0,TV
1961.0,726.0,1503.0,34.0,Console
,152.0,1698.0,149.0,Console
1963.0,1597.0,1889.0,92.0,PC
1964.0,1943.0,1063.0,160.0,TV
1965.0,1009.0,1599.0,260.0,TV
1966.0,2782.0,1799.0,109.0,Mobile
1967.0,176.0,1210.0,88.0,Mobile
1968.0,274.0,1601.0,298.0,Console
1969.0,1534.0,1203.0,162.0,Tablet
1970.0,401.0,1072.0,211.0,Tablet
1971.0,2806.0,,8.0,Tablet
1972.0,2232.0,1296.0,147.0,TV
1973.0,2012.0,1285.0,38.0,TV
1974.0,855.0,1775.0,86.0,PC
1975.0,962.0,1708.0,67.0,PC
1976.0,403.0,1269.0,32.0,TV
1977.0,772.0,1078.0,149.0,Console
1978.0,2462.0,1341.0,281.0,Tablet
1979.0,2008.0,1309.0,18.0,TV
1980.0,2122.0,1769.0,113.0,Mobile
1981.0,421.0,1874.0,,TV
1982.0,1835.0,1489.0,137.0,Tablet
1983.0,2341.0,1070.0,23.0,Tablet
1984.0,2936.0,1948.0,87.0,Tablet
1985.0,1567.0,1281.0,282.0,Tablet
1986.0,,1007.0,184.0,PC
1987.0,1646.0,1078.0,202.0,Console
1988.0,485.0,1950.0,18.0,TV
1989.0,924.0,1111.0,68.0,TV
1990.0,,1545.0,300.0,Tablet
1991.0,963.0,1379.0,3.0,
1992.0,2334.0,1763.0,59.0,Console
1993.0,2697.0,1764.0,211.0,TV
1994.0,337.0,1028.0,188.0,Console
1995.0,1559.0,1453.0,294.0,PC
1996.0,,1588.0,46.0,Console
,,1996.0,,TV
1998.0,275.0,1613.0,20.0,Mobile
1999.0,2310.0,1839.0,,TV
2000.0,1733.0,1607.0,223.0,PC
2001.0,1028.0,1021.0,100.0,PC
2002.0,1305.0,1935.0,3.0,Mobile
2003.0,173.0,1347.0,221.0,Tablet
2004.0,948.0,1681.0,166.0,Tablet
2005.0,142.0,1748.0,199.0,Tablet
,2766.0,1226.0,,PC
2007.0,1609.0,1786.0,82.0,Mobile
2008.0,2474.0,1214.0,51.0,TV
2009.0,156.0,1913.0,13.0,Console
2010.0,,1010.0,17.0,Console
2011.0,1334.0,1917.0,30.0,TV
2012.0,1042.0,1506.0,297.0,Mobile
2013.0,2121.0,1507.0,264.0,TV
2014.0,1899.0,1404.0,126.0,Mobile
2015.0,,1320.0,185.0,Tablet
2016.0,909.0,1881.0,139.0,PC
2017.0,2674.0,1990.0,273.0,Console
2018.0,1616.0,1382.0,218.0,Mobile
2019.0,1519.0,1325.0,205.0,PC
,1281.0,1540.0,35.0,
2021.0,2988.0,1754.0,151.0,Console
2022.0,2646.0,1622.0,,Mobile
2023.0,800.0,1721.0,248.0,Mobile
2024.0,357.0,1949.0,170.0,Mobile
2025.0,1337.0,1348.0,282.0,Tablet
2026.0,2243.0,1361.0,152.0,Tablet
2027.0,94.0,1561.0,281.0,Tablet
2028.0,353.0,1865.0,259.0,TV
2029.0,2329.0,1721.0,193.0,Console
2030.0,1690.0,1935.0,58.0,
2031.0,2675.0,1812.0,269.0,Tablet
2032.0,2983.0,1761.0,221.0,TV
2033.0,1041.0,1598.0,,PC
2034.0,2313.0,1111.0,167.0,PC
2035.0,2852.0,1563.0,130.0,Mobile
2036.0,285.0,1778.0,37.0,TV
2037.0,805.0,1912.0,112.0,Console
2038.0,1162.0,1507.0,59.0,Mobile
2039.0,706.0,1283.0,86.0,Console
2040.0,1086.0,1047.0,40.0,Mobile
2041.0,895.0,1236.0,124.0,Console
2042.0,2751.0,1022.0,,TV
2043.0,611.0,1161.0,12.0,TV
,1312.0,1272.0,121.0,
2045.0,1377.0,,6.0,Console
2046.0,1278.0,1569.0,284.0,Tablet
2047.0,2524.0,1481.0,257.0,Mobile
2048.0,480.0,1828.0,42.0,Console
2049.0,1804.0,1431.0,66.0,TV
2050.0,1625.0,1827.0,294.0,PC
2051.0,1168.0,1670.0,238.0,TV
2052.0,2400.0,1012.0,65.0,PC
2053.0,2167.0,1045.0,202.0,Tablet
2054.0,494.0,1362.0,148.0,PC
2055.0,605.0,1066.0,234.0,Mobile
2056.0,848.0,1727.0,107.0,PC
2057.0,,1408.0,5.0,Console
2058.0,83.0,1327.0,71.0,TV
2059.0,1233.0,1014.0,282.0,
2060.0,2188.0,1259.0,231.0,
2061.0,1518.0,1398.0,209.0,TV
2062.0,1596.0,1699.0,234.0,Console
2063.0,22.0,,96.0,Mobile
2064.0,2719.0,1647.0,43.0,Mobile
2065.0,2055.0,1534.0,253.0,Mobile
2066.0,1716.0,,252.0,TV
2067.0,2940.0,1685.0,44.0,TV
2068.0,2301.0,1523.0,188.0,
2069.0,1039.0,1837.0,89.0,Mobile
,2373.0,1661.0,260.0,Mobile
2071.0,2762.0,1937.0,108.0,Mobile
2072.0,2518.0,1869.0,65.0,Tablet
2073.0,1954.0,1352.0,195.0,PC
2074.0,1417.0,1774.0,94.0,Console
2075.0,2744.0,1297.0,64.0,
2076.0,1793.0,1649.0,173.0,Console
,427.0,1611.0,113.0,Tablet
2078.0,1834.0,1621.0,21.0,TV
2079.0,,1848.0,,Mobile
2080.0,1581.0,1520.0,,Console
2081.0,918.0,1625.0,85.0,TV
2082.0,876.0,1056.0,159.0,Console
2083.0,1376.0,1672.0,69.0,Tablet
2084.0,709.0,1681.0,129.0,Tablet
2085.0,657.0,1697.0,52.0,PC
2086.0,2371.0,1178.0,28.0,PC
,1275.0,1880.0,244.0,PC
2088.0,1536.0,1959.0,25.0,Tablet
2089.0,387.0,1044.0,203.0,TV
2090.0,2646.0,1050.0,9.0,TV
2091.0,807.0,1566.0,244.0,PC
,2333.0,1999.0,254.0,Mobile
,2913.0,1468.0,183.0,Console
2094.0,313.0,1888.0,24.0,TV
2095.0,1244.0,,,Mobile
2096.0,2254.0,1896.0,129.0,Tablet
2097.0,1401.0,1827.0,205.0,Tablet
2098.0,584.0,1874.0,173.0,Tablet
2099.0,2446.0,1239.0,42.0,Tablet
2100.0,2374.0,1308.0,72.0,PC
2101.0,2494.0,1507.0,45.0,TV
2102.0,817.0,1557.0,101.0,
2103.0,2881.0,1286.0,82.0,Mobile
2104.0,2815.0,1460.0,225.0,TV
2105.0,2733.0,1712.0,21.0,Console
2106.0,1095.0,1398.0,228.0,PC
2107.0,2378.0,1952.0,226.0,Tablet
2108.0,2413.0,1378.0,103.0,TV
2109.0,1056.0,1042.0,38.0,TV
2110.0,21.0,1751.0,82.0,Mobile
2111.0,626.0,1708.0,185.0,TV
2112.0,1568.0,1455.0,99.0,Tablet
2113.0,2882.0,1033.0,63.0,
2114.0,586.0,1045.0,108.0,Console
2115.0,2093.0,1099.0,183.0,Mobile
2116.0,2313.0,1256.0,,
,995.0,1489.0,219.0,TV
2118.0,1240.0,,16.0,PC
2119.0,924.0,1389.0,206.0,PC
2120.0,920.0,1096.0,251.0,Tablet
2121.0,2345.0,1757.0,174.0,Mobile
2122.0,657.0,1146.0,115.0,Mobile
2123.0,380.0,1351.0,41.0,TV
2124.0,463.0,1413.0,,Console
2125.0,1199.0,1261.0,278.0,
2126.0,2217.0,1843.0,145.0,Tablet
2127.0,1541.0,1375.0,242.0,TV
2128.0,1549.0,1464.0,103.0,Mobile
,169.0,1944.0,162.0,TV
2130.0,244.0,,84.0,TV
2131.0,2598.0,1157.0,17.0,Mobile
2132.0,1661.0,1619.0,87.0,Console
2133.0,1820.0,1978.0,,TV
2134.0,1277.0,1443.0,183.0,TV
2135.0,2350.0,1499.0,125.0,Mobile
2136.0,420.0,1039.0,298.0,Mobile
2137.0,2643.0,1492.0,145.0,Mobile
2138.0,1689.0,1540.0,43.0,Tablet
2139.0,65.0,,281.0,TV
2140.0,1319.0,1388.0,48.0,PC
2141.0,1621.0,1357.0,193.0,Tablet
,401.0,1878.0,178.0,TV
2143.0,1566.0,1699.0,154.0,Tablet
2144.0,487.0,1935.0,103.0,Tablet
2145.0,284.0,1288.0,203.0,Console
2146.0,1065.0,1563.0,170.0,Mobile
2147.0,1391.0,1197.0,33.0,Mobile
2148.0,214.0,1127.0,54.0,TV
2149.0,81.0,1008.0,290.0,Mobile
2150.0,11.0,1340.0,213.0,TV
2151.0,2448.0,1533.0,184.0,TV
2152.0,2057.0,1415.0,283.0,TV
2153.0,692.0,1461.0,,PC
2154.0,2122.0,1879.0,35.0,Mobile
2155.0,1354.0,1061.0,87.0,TV
2156.0,1037.0,1431.0,252.0,
2157.0,2781.0,1385.0,61.0,PC
2158.0,133.0,1808.0,54.0,Mobile
2159.0,2321.0,1880.0,210.0,Tablet
2160.0,,1218.0,143.0,PC
2161.0,2078.0,1566.0,136.0,Console
2162.0,2715.0,1271.0,149.0,TV
2163.0,2837.0,1751.0,285.0,TV
2164.0,2937.0,1626.0,15.0,TV
2165.0,240.0,1540.0,118.0,Tablet
2166.0,2860.0,1776.0,118.0,Console
2167.0,424.0,1170.0,174.0,PC
2168.0,818.0,,200.0,Tablet
2169.0,2893.0,1393.0,59.0,Console
2170.0,326.0,1541.0,49.0,Console
2171.0,,1553.0,295.0,TV
2172.0,2225.0,1751.0,255.0,TV
2173.0,606.0,1196.0,247.0,Tablet
2174.0,2990.0,1915.0,294.0,TV
2175.0,2936.0,1832.0,37.0,PC
2176.0,886.0,1330.0,272.0,PC
2177.0,2855.0,1087.0,56.0,PC
2178.0,,1820.0,2.0,PC
2179.0,911.0,1327.0,278.0,TV
2180.0,,1694.0,265.0,PC
2181.0,2826.0,1804.0,134.0,Console
2182.0,1269.0,1202.0,176.0,TV
2183.0,172.0,1039.0,119.0,Mobile
2184.0,2722.0,1529.0,92.0,PC
2185.0,228.0,1147.0,285.0,TV
2186.0,1199.0,,258.0,PC
2187.0,,1001.0,192.0,
2188.0,877.0,1660.0,170.0,Console
2189.0,2717.0,,,TV
2190.0,419.0,1068.0,226.0,Console
2191.0,840.0,1355.0,,Tablet
,2646.0,1212.0,81.0,Mobile
,2901.0,1388.0,266.0,Tablet
2194.0,2538.0,1300.0,255.0,TV
2195.0,2628.0,1711.0,56.0,TV
2196.0,1080.0,1217.0,171.0,Tablet
2197.0,1270.0,1047.0,212.0,Mobile
2198.0,2761.0,1421.0,155.0,Tablet
2199.0,613.0,1512.0,272.0,Console
2200.0,2862.0,1705.0,213.0,Console
2201.0,2757.0,1892.0,49.0,
2202.0,2648.0,1766.0,292.0,Mobile
2203.0,377.0,1437.0,170.0,PC
2204.0,1191.0,1709.0,122.0,Mobile
2205.0,1090.0,1010.0,189.0,Mobile
2206.0,2180.0,1913.0,98.0,Mobile
2207.0,2067.0,1277.0,57.0,PC
2208.0,2657.0,1835.0,,TV
2209.0,2872.0,,,PC
2210.0,1551.0,1558.0,100.0,TV
2211.0,1465.0,1872.0,94.0,Tablet
2212.0,778.0,1404.0,232.0,Mobile
2213.0,2768.0,1221.0,149.0,Mobile
2214.0,585.0,1013.0,132.0,Mobile
2215.0,2686.0,1446.0,70.0,Tablet
2216.0,946.0,1398.0,193.0,PC
2217.0,341.0,1109.0,256.0,PC
2218.0,1809.0,1432.0,125.0,TV
2219.0,1254.0,1692.0,162.0,
2220.0,1034.0,1934.0,9.0,TV
2221.0,1239.0,1430.0,129.0,Tablet
2222.0,2861.0,1900.0,,Tablet
2223.0,1093.0,1055.0,97.0,Mobile
2224.0,2329.0,1746.0,28.0,Mobile
2225.0,2923.0,1502.0,226.0,Console
2226.0,1257.0,1287.0,165.0,TV
2227.0,1311.0,1593.0,49.0,PC
2228.0,270.0,1310.0,147.0,Tablet
2229.0,1152.0,1249.0,170.0,Console
2230.0,196.0,1117.0,,Tablet
2231.0,2173.0,1613.0,156.0,Mobile
,510.0,1328.0,233.0,Tablet
2233.0,2721.0,1430.0,9.0,TV
,1262.0,1282.0,181.0,Tablet
2235.0,484.0,1717.0,111.0,TV
2236.0,1326.0,1567.0,228.0,Console
2237.0,430.0,1709.0,18.0,Console
2238.0,2998.0,1358.0,256.0,PC
2239.0,,1861.0,4.0,Tablet
2240.0,1124.0,1822.0,,Tablet
2241.0,191.0,1874.0,37.0,Mobile
2242.0,1121.0,1844.0,4.0,Console
2243.0,,1471.0,279.0,
2244.0,2387.0,1701.0,73.0,PC
2245.0,2133.0,1235.0,,TV
2246.0,2398.0,1770.0,8.0,Tablet
2247.0,2140.0,1941.0,257.0,Console
2248.0,2953.0,1934.0,34.0,Mobile
2249.0,1133.0,,204.0,PC
2250.0,314.0,1003.0,206.0,
2251.0,400.0,1690.0,277.0,Mobile
2252.0,1177.0,1964.0,187.0,Mobile
2253.0,1181.0,1385.0,132.0,Mobile
2254.0,2951.0,1324.0,49.0,Tablet
2255.0,1328.0,1785.0,256.0,PC
2256.0,1919.0,1089.0,185.0,
2257.0,1398.0,1181.0,243.0,Console
2258.0,2428.0,1204.0,289.0,PC
2259.0,2658.0,1472.0,299.0,Mobile
2260.0,2.0,1501.0,153.0,Mobile
2261.0,1366.0,1806.0,181.0,Tablet
2262.0,1580.0,1991.0,119.0,PC
2263.0,421.0,1481.0,280.0,Tablet
2264.0,1319.0,1314.0,120.0,PC
2265.0,1590.0,1205.0,7.0,PC
2266.0,,1600.0,267.0,PC
2267.0,1517.0,1875.0,209.0,Tablet
,208.0,1160.0,73.0,Console
2269.0,2904.0,1345.0,51.0,PC
2270.0,2313.0,1641.0,198.0,Mobile
2271.0,1071.0,1622.0,90.0,TV
2272.0,342.0,1548.0,257.0,Console
2273.0,727.0,1787.0,195.0,Mobile
2274.0,1995.0,1354.0,153.0,PC
2275.0,1598.0,1585.0,38.0,Console
2276.0,507.0,1365.0,15.0,Tablet
2277.0,108.0,1004.0,185.0,PC
2278.0,1080.0,1557.0,141.0,Tablet
2279.0,1023.0,1894.0,176.0,Mobile
2280.0,1146.0,1664.0,258.0,TV
2281.0,,,42.0,Console
2282.0,1905.0,1981.0,232.0,PC
2283.0,155.0,1510.0,233.0,Console
2284.0,,1001.0,151.0,Console
2285.0,1454.0,1560.0,290.0,TV
2286.0,2049.0,1491.0,269.0,Mobile
2287.0,878.0,1502.0,138.0,PC
2288.0,1418.0,1223.0,,Console
2289.0,,1755.0,168.0,TV
2290.0,2702.0,1446.0,47.0,Console
2291.0,2164.0,1206.0,80.0,Tablet
2292.0,698.0,1425.0,181.0,Mobile
2293.0,521.0,,32.0,
2294.0,1606.0,1518.0,246.0,TV
2295.0,904.0,1526.0,82.0,Mobile
2296.0,,1364.0,,TV
2297.0,578.0,1400.0,20.0,Mobile
2298.0,853.0,1450.0,79.0,TV
2299.0,1527.0,,157.0,PC
2300.0,2888.0,1965.0,169.0,PC
2301.0,1786.0,1855.0,77.0,Console
2302.0,2459.0,1921.0,16.0,Console
2303.0,134.0,1034.0,225.0,Tablet
2304.0,240.0,1584.0,100.0,Mobile
2305.0,2972.0,1080.0,151.0,PC
2306.0,,,254.0,TV
2307.0,1488.0,1331.0,258.0,Console
2308.0,13.0,1995.0,13.0,PC
2309.0,1481.0,1249.0,108.0,TV
2310.0,1341.0,1083.0,9.0,Console
2311.0,2134.0,1897.0,114.0,PC
2312.0,1971.0,1981.0,264.0,Console
2313.0,2962.0,1541.0,230.0,Console
2314.0,2364.0,1373.0,117.0,TV
2315.0,1052.0,1036.0,156.0,Console
2316.0,2731.0,1642.0,27.0,PC
2317.0,2721.0,1273.0,25.0,Console
2318.0,2425.0,1548.0,2.0,Tablet
2319.0,1549.0,1000.0,220.0,Console
2320.0,249.0,1972.0,165.0,PC
2321.0,2707.0,1352.0,228.0,Tablet
2322.0,419.0,1225.0,,Mobile
2323.0,2951.0,,154.0,PC
2324.0,872.0,1520.0,71.0,TV
2325.0,2981.0,1058.0,281.0,Tablet
2326.0,857.0,1973.0,141.0,Tablet
2327.0,2862.0,1517.0,15.0,TV
2328.0,380.0,1096.0,121.0,Mobile
2329.0,2155.0,1540.0,144.0,Tablet
2330.0,2955.0,1668.0,225.0,Mobile
2331.0,880.0,1642.0,209.0,
2332.0,2385.0,2000.0,230.0,Tablet
2333.0,2731.0,1158.0,,
2334.0,2922.0,1476.0,181.0,Mobile
2335.0,1830.0,1424.0,138.0,Tablet
2336.0,1073.0,1107.0,,PC
2337.0,,1251.0,298.0,Tablet
2338.0,1818.0,1942.0,286.0,Tablet
2339.0,1171.0,1213.0,202.0,PC
2340.0,2464.0,1188.0,73.0,Tablet
2341.0,10.0,1230.0,55.0,TV
2342.0,944.0,1811.0,217.0,TV
2343.0,2612.0,1517.0,285.0,Tablet
2344.0,1909.0,1157.0,219.0,PC
2345.0,443.0,1076.0,71.0,
2346.0,1670.0,1255.0,189.0,TV
2347.0,1818.0,1105.0,196.0,
,2768.0,1575.0,175.0,Tablet
2349.0,816.0,1668.0,52.0,TV
2350.0,1452.0,1799.0,289.0,Console
2351.0,,1734.0,289.0,Tablet
2352.0,,1407.0,227.0,Console
2353.0,2002.0,1235.0,223.0,TV
2354.0,2383.0,1218.0,166.0,
2355.0,1276.0,1793.0,244.0,PC
2356.0,2546.0,1105.0,222.0,Tablet
2357.0,1548.0,1006.0,,Mobile
2358.0,2552.0,1732.0,25.0,Console
2359.0,1453.0,1652.0,265.0,Tablet
2360.0,1043.0,1931.0,47.0,Mobile
2361.0,390.0,1721.0,166.0,Mobile
2362.0,1251.0,1350.0,221.0,Tablet
2363.0,1769.0,1144.0,48.0,Mobile
2364.0,1621.0,1388.0,159.0,PC
2365.0,2488.0,1962.0,204.0,Mobile
2366.0,69.0,1247.0,56.0,Console
2367.0,385.0,1840.0,84.0,Mobile
2368.0,1250.0,1619.0,51.0,Console
2369.0,955.0,1238.0,133.0,Mobile
2370.0,2233.0,1254.0,15.0,Tablet
2371.0,1738.0,1419.0,186.0,Mobile
2372.0,1896.0,1438.0,240.0,PC
2373.0,,1675.0,125.0,Console
2374.0,847.0,1984.0,300.0,PC
2375.0,1567.0,1249.0,289.0,TV
2376.0,1186.0,1235.0,8.0,PC
2377.0,2481.0,1589.0,66.0,PC
2378.0,2823.0,1219.0,33.0,PC
2379.0,952.0,1571.0,20.0,Tablet
2380.0,1436.0,1938.0,,Mobile
2381.0,75.0,1354.0,113.0,PC
2382.0,1770.0,1023.0,74.0,Console
2383.0,2524.0,1189.0,56.0,
2384.0,784.0,1998.0,131.0,PC
2385.0,999.0,1818.0,210.0,Mobile
2386.0,309.0,1554.0,176.0,Mobile
2387.0,530.0,1485.0,45.0,TV
2388.0,2874.0,1106.0,152.0,TV
2389.0,1934.0,1699.0,214.0,TV
2390.0,1751.0,1829.0,215.0,Tablet
2391.0,125.0,1357.0,31.0,PC
2392.0,1088.0,1471.0,219.0,Console
2393.0,448.0,1786.0,223.0,Mobile
2394.0,2723.0,1171.0,158.0,PC
2395.0,1658.0,1638.0,4.0,TV
2396.0,1180.0,1092.0,167.0,PC
2397.0,842.0,1562.0,260.0,Console
2398.0,1296.0,1340.0,97.0,PC
2399.0,1025.0,1063.0,35.0,PC
2400.0,141.0,,89.0,TV
2401.0,1493.0,1533.0,191.0,TV
2402.0,2213.0,1848.0,90.0,PC
2403.0,2912.0,1248.0,76.0,Tablet
2404.0,34.0,1856.0,185.0,TV
2405.0,1879.0,1554.0,90.0,TV
2406.0,1416.0,1789.0,84.0,TV
2407.0,1831.0,1198.0,180.0,Mobile
2408.0,1951.0,1887.0,254.0,Tablet
,75.0,1781.0,190.0,PC
2410.0,1223.0,1889.0,231.0,Console
2411.0,1696.0,1622.0,274.0,Tablet
2412.0,2666.0,1707.0,200.0,TV
2413.0,472.0,1069.0,141.0,Console
2414.0,121.0,1755.0,229.0,TV
2415.0,,1441.0,49.0,Mobile
2416.0,1307.0,,158.0,TV
2417.0,2091.0,1587.0,242.0,Mobile
2418.0,393.0,1037.0,291.0,PC
2419.0,1418.0,1824.0,163.0,PC
2420.0,1340.0,1605.0,86.0,Mobile
2421.0,1003.0,1801.0,229.0,Tablet
2422.0,31.0,1025.0,187.0,
,,1367.0,154.0,Tablet
,770.0,1622.0,,Console
2425.0,825.0,1280.0,266.0,TV
2426.0,1122.0,1280.0,78.0,Mobile
2427.0,360.0,1774.0,117.0,Console
2428.0,2442.0,1440.0,123.0,Tablet
2429.0,1466.0,1071.0,192.0,Tablet
2430.0,1822.0,1274.0,132.0,Tablet
2431.0,985.0,1069.0,200.0,TV
2432.0,2992.0,1654.0,300.0,TV
2433.0,102.0,1692.0,121.0,Tablet
2434.0,2371.0,1594.0,43.0,TV
2435.0,536.0,,8.0,PC
2436.0,2900.0,1610.0,21.0,Tablet
2437.0,963.0,1047.0,220.0,PC
2438.0,1485.0,1011.0,235.0,PC
2439.0,2499.0,1993.0,269.0,TV
2440.0,2513.0,1449.0,97.0,Console
2441.0,1489.0,1168.0,38.0,Console
2442.0,2076.0,1486.0,50.0,Console
2443.0,1783.0,1609.0,98.0,Mobile
2444.0,1431.0,1453.0,39.0,Tablet
2445.0,1182.0,1129.0,88.0,Tablet
2446.0,986.0,1947.0,52.0,Tablet
2447.0,2437.0,1849.0,118.0,TV
2448.0,1578.0,1002.0,,Console
2449.0,2506.0,1866.0,132.0,Tablet
2450.0,1126.0,1125.0,68.0,TV
2451.0,1786.0,1810.0,94.0,Tablet
2452.0,474.0,1130.0,19.0,Console
2453.0,2689.0,1507.0,25.0,
2454.0,280.0,1175.0,107.0,Mobile
2455.0,683.0,1365.0,235.0,Console
2456.0,2924.0,1674.0,198.0,Mobile
2457.0,423.0,1569.0,92.0,Console
2458.0,2586.0,1486.0,,Console
2459.0,397.0,1404.0,101.0,Console
2460.0,2137.0,1925.0,299.0,Console
2461.0,375.0,1872.0,11.0,Console
2462.0,277.0,1724.0,48.0,Console
2463.0,1681.0,1634.0,133.0,TV
2464.0,2017.0,1605.0,201.0,Mobile
2465.0,878.0,1986.0,277.0,PC
2466.0,2400.0,1965.0,228.0,Tablet
,1066.0,1667.0,200.0,TV
2468.0,2138.0,1494.0,105.0,Mobile
2469.0,1030.0,1947.0,189.0,Mobile
2470.0,1903.0,1080.0,263.0,PC
2471.0,,1470.0,127.0,Mobile
2472.0,751.0,1392.0,142.0,Tablet
2473.0,2453.0,1689.0,294.0,
2474.0,1779.0,1908.0,285.0,TV
2475.0,1887.0,1454.0,3.0,PC
2476.0,2472.0,1992.0,116.0,Mobile
2477.0,349.0,1505.0,81.0,Mobile
2478.0,2137.0,1471.0,182.0,TV
2479.0,142.0,1358.0,107.0,Mobile
2480.0,229.0,1924.0,58.0,Mobile
2481.0,2084.0,1186.0,160.0,Console
2482.0,1966.0,1697.0,197.0,Console
2483.0,1002.0,1328.0,192.0,TV
2484.0,115.0,1826.0,40.0,PC
2485.0,2632.0,1493.0,212.0,Tablet
2486.0,1006.0,1923.0,84.0,PC
,2781.0,1399.0,223.0,TV
2488.0,2089.0,1171.0,236.0,PC
2489.0,490.0,1130.0,185.0,PC
2490.0,1486.0,1206.0,52.0,Tablet
2491.0,,1943.0,210.0,Mobile
2492.0,1979.0,,275.0,Tablet
2493.0,1844.0,1646.0,292.0,TV
2494.0,2479.0,1415.0,,TV
2495.0,758.0,1617.0,,Tablet
2496.0,345.0,1366.0,189.0,PC
2497.0,165.0,1414.0,1.0,Mobile
2498.0,1936.0,1954.0,19.0,PC
2499.0,2124.0,1227.0,166.0,Mobile
2500.0,1381.0,1835.0,76.0,Mobile
2501.0,1924.0,1989.0,29.0,Tablet
2502.0,1347.0,1824.0,196.0,Tablet
2503.0,697.0,1865.0,46.0,PC
2504.0,2199.0,1805.0,143.0,Mobile
2505.0,1820.0,1735.0,159.0,Console
2506.0,1490.0,1187.0,181.0,PC
2507.0,1500.0,1123.0,145.0,Console
,1191.0,1042.0,3.0,Mobile
2509.0,2201.0,1853.0,93.0,Console
2510.0,2739.0,1437.0,167.0,Console
2511.0,1167.0,1382.0,127.0,Mobile
2512.0,908.0,1849.0,146.0,Console
2513.0,527.0,1698.0,204.0,Mobile
2514.0,,,36.0,TV
2515.0,2365.0,1187.0,150.0,Console
2516.0,45.0,1366.0,133.0,TV
2517.0,333.0,1187.0,175.0,Mobile
2518.0,1750.0,1358.0,,Tablet
2519.0,2388.0,1985.0,188.0,Tablet
2520.0,699.0,1781.0,85.0,Tablet
2521.0,1501.0,1689.0,262.0,Tablet
2522.0,316.0,1340.0,150.0,Mobile
2523.0,,1531.0,148.0,Tablet
2524.0,2285.0,1326.0,32.0,
2525.0,247.0,1384.0,,PC
2526.0,1499.0,1516.0,95.0,Tablet
2527.0,2869.0,1211.0,293.0,Tablet
2528.0,216.0,1188.0,99.0,Mobile
,1495.0,1257.0,105.0,Mobile
2530.0,1868.0,1279.0,89.0,Console
2531.0,,1154.0,147.0,Mobile
2532.0,845.0,1153.0,278.0,Mobile
2533.0,489.0,1302.0,292.0,Console
2534.0,1442.0,1615.0,39.0,PC
,1196.0,1779.0,160.0,Console
2536.0,2980.0,1737.0,20.0,Tablet
2537.0,154.0,1582.0,,Tablet
2538.0,605.0,1062.0,188.0,Mobile
2539.0,1802.0,1960.0,,Mobile
2540.0,2235.0,1695.0,41.0,Console
2541.0,254.0,1868.0,254.0,Console
2542.0,2319.0,1413.0,209.0,Mobile
2543.0,2498.0,1537.0,119.0,PC
2544.0,1610.0,1337.0,203.0,Console
2545.0,100.0,1008.0,136.0,Mobile
2546.0,2919.0,1143.0,118.0,PC
2547.0,1765.0,1702.0,2.0,PC
2548.0,2775.0,1153.0,54.0,PC
2549.0,1623.0,,186.0,Console
2550.0,453.0,1117.0,279.0,Console
2551.0,1028.0,1358.0,298.0,Console
2552.0,2314.0,1836.0,109.0,Console
2553.0,141.0,1347.0,245.0,TV
2554.0,1226.0,1906.0,218.0,TV
2555.0,1391.0,1192.0,224.0,Console
2556.0,2025.0,1215.0,173.0,Tablet
2557.0,1571.0,1383.0,121.0,Console
2558.0,840.0,1916.0,95.0,Console
2559.0,2385.0,1109.0,181.0,PC
2560.0,59.0,1420.0,44.0,Tablet
2561.0,2454.0,1178.0,203.0,TV
2562.0,927.0,1852.0,10.0,Tablet
2563.0,2576.0,1815.0,156.0,TV
2564.0,2324.0,1506.0,206.0,Console
2565.0,327.0,1797.0,105.0,PC
2566.0,1288.0,1910.0,23.0,Tablet
,333.0,1247.0,91.0,PC
2568.0,2781.0,1251.0,21.0,TV
2569.0,926.0,1538.0,116.0,Tablet
2570.0,404.0,1705.0,254.0,PC
2571.0,,1378.0,93.0,Console
2572.0,175.0,1091.0,295.0,TV
2573.0,807.0,1255.0,123.0,PC
,2426.0,1546.0,,Console
2575.0,434.0,1993.0,142.0,TV
2576.0,1665.0,1555.0,200.0,Console
2577.0,2006.0,1155.0,205.0,TV
2578.0,1207.0,1887.0,43.0,
2579.0,241.0,1045.0,138.0,PC
2580.0,1959.0,1994.0,111.0,
2581.0,1554.0,,154.0,PC
2582.0,96.0,1807.0,86.0,Mobile
2583.0,1180.0,1645.0,45.0,Tablet
2584.0,2331.0,1918.0,282.0,PC
2585.0,2970.0,1714.0,116.0,Console
,2721.0,1230.0,278.0,PC
2587.0,527.0,1480.0,242.0,Mobile
2588.0,708.0,1653.0,74.0,Console
2589.0,487.0,,239.0,Mobile
2590.0,2158.0,1417.0,228.0,Tablet
2591.0,1432.0,1073.0,101.0,Console
2592.0,2756.0,,15.0,TV
2593.0,1564.0,1242.0,172.0,TV
2594.0,1589.0,1036.0,280.0,TV
2595.0,331.0,1970.0,74.0,
2596.0,51.0,1142.0,162.0,TV
2597.0,2542.0,1764.0,162.0,Console
2598.0,2113.0,1325.0,199.0,Mobile
2599.0,2379.0,1687.0,86.0,Console
2600.0,1739.0,1228.0,235.0,Console
2601.0,393.0,1535.0,298.0,TV
2602.0,1562.0,1058.0,120.0,TV
2603.0,856.0,1584.0,231.0,
2604.0,1941.0,1495.0,122.0,Mobile
2605.0,812.0,1650.0,64.0,Console
2606.0,818.0,1095.0,215.0,Mobile
2607.0,2415.0,1387.0,285.0,TV
2608.0,1651.0,1209.0,,TV
2609.0,941.0,1450.0,,Console
2610.0,,1125.0,79.0,PC
2611.0,2625.0,1979.0,169.0,TV
2612.0,286.0,1588.0,27.0,Mobile
2613.0,2886.0,1996.0,11.0,Console
2614.0,2481.0,1582.0,185.0,Tablet
2615.0,2134.0,,,Tablet
2616.0,1778.0,1285.0,32.0,Mobile
2617.0,1609.0,1022.0,,Console
2618.0,2104.0,1812.0,275.0,Console
2619.0,1671.0,1531.0,91.0,Tablet
2620.0,2653.0,1189.0,1.0,Tablet
2621.0,369.0,1946.0,121.0,PC
2622.0,1563.0,1907.0,282.0,TV
2623.0,2411.0,1297.0,216.0,Mobile
2624.0,1087.0,1525.0,144.0,Tablet
2625.0,2116.0,1320.0,290.0,Mobile
2626.0,,1972.0,232.0,Tablet
,849.0,1498.0,251.0,Console
2628.0,1568.0,1204.0,279.0,Console
2629.0,2727.0,1578.0,250.0,Tablet
2630.0,1895.0,1350.0,68.0,Console
2631.0,2903.0,1201.0,248.0,Console
2632.0,1096.0,1469.0,278.0,Mobile
2633.0,140.0,1489.0,115.0,Mobile
2634.0,2563.0,1341.0,128.0,PC
2635.0,1002.0,1582.0,256.0,Mobile
2636.0,2663.0,1649.0,48.0,PC
2637.0,1552.0,1089.0,50.0,Console
2638.0,182.0,1459.0,258.0,Tablet
2639.0,2317.0,1404.0,48.0,Console
2640.0,144.0,1211.0,247.0,TV
2641.0,1354.0,,279.0,Tablet
2642.0,862.0,1997.0,260.0,Tablet
2643.0,2788.0,1855.0,124.0,Mobile
2644.0,985.0,1397.0,69.0,
2645.0,118.0,,129.0,Tablet
2646.0,1673.0,1577.0,217.0,Mobile
2647.0,1502.0,1333.0,103.0,Tablet
2648.0,2031.0,1386.0,126.0,Mobile
2649.0,2240.0,1410.0,254.0,Mobile
2650.0,2024.0,1453.0,131.0,Tablet
2651.0,1518.0,1649.0,215.0,Console
2652.0,1692.0,1299.0,27.0,Tablet
2653.0,1882.0,1685.0,71.0,Mobile
2654.0,2670.0,1021.0,174.0,PC
2655.0,510.0,1864.0,5.0,Mobile
2656.0,1323.0,,223.0,Console
2657.0,2219.0,1739.0,85.0,Tablet
2658.0,925.0,1938.0,225.0,TV
2659.0,2806.0,1579.0,287.0,TV
2660.0,2966.0,1338.0,163.0,Tablet
2661.0,2969.0,1660.0,29.0,TV
2662.0,2522.0,1977.0,144.0,PC
2663.0,634.0,1720.0,130.0,Tablet
2664.0,2442.0,1618.0,202.0,Mobile
2665.0,53.0,1077.0,220.0,TV
2666.0,2058.0,1833.0,160.0,PC
2667.0,2680.0,1411.0,30.0,Mobile
2668.0,1545.0,1716.0,25.0,PC
2669.0,956.0,1094.0,153.0,Mobile
2670.0,823.0,1643.0,,PC
2671.0,1947.0,1198.0,142.0,PC
2672.0,925.0,1033.0,180.0,Tablet
2673.0,324.0,1468.0,,Console
2674.0,793.0,1214.0,198.0,Tablet
2675.0,20.0,,296.0,Console
,,1916.0,235.0,Tablet
2677.0,2586.0,1303.0,47.0,Mobile
2678.0,2982.0,1219.0,294.0,Tablet
2679.0,2613.0,1119.0,200.0,Console
2680.0,2115.0,1443.0,200.0,Tablet
2681.0,1383.0,1640.0,,PC
2682.0,2295.0,1031.0,18.0,Console
2683.0,824.0,1429.0,78.0,Console
2684.0,610.0,1347.0,,Tablet
2685.0,1708.0,1152.0,231.0,Mobile
2686.0,506.0,1926.0,,Tablet
2687.0,1861.0,1630.0,119.0,Tablet
2688.0,2419.0,1052.0,250.0,Console
2689.0,2708.0,1631.0,222.0,TV
2690.0,336.0,1900.0,215.0,Console
2691.0,1620.0,1161.0,288.0,Tablet
2692.0,1736.0,1246.0,81.0,Mobile
2693.0,2938.0,1941.0,216.0,Tablet
2694.0,987.0,1741.0,238.0,Mobile
2695.0,2375.0,,128.0,Console
2696.0,2296.0,1563.0,247.0,Tablet
2697.0,917.0,1837.0,231.0,Mobile
2698.0,2351.0,1755.0,77.0,PC
2699.0,2087.0,1472.0,283.0,Console
2700.0,16.0,1363.0,111.0,Mobile
2701.0,2310.0,1102.0,299.0,Console
,957.0,1310.0,153.0,Mobile
2703.0,1406.0,,143.0,Tablet
2704.0,1093.0,1160.0,94.0,Tablet
2705.0,1471.0,1548.0,203.0,Tablet
2706.0,2228.0,1183.0,94.0,Mobile
2707.0,2016.0,1218.0,,PC
2708.0,189.0,1861.0,155.0,PC
,1522.0,1500.0,138.0,Console
2710.0,1536.0,1634.0,247.0,TV
2711.0,1534.0,1281.0,92.0,
2712.0,2232.0,1668.0,232.0,PC
2713.0,2280.0,1809.0,94.0,
2714.0,1153.0,1328.0,99.0,Mobile
2715.0,1502.0,1023.0,278.0,Tablet
2716.0,2395.0,,78.0,PC
2717.0,1891.0,1665.0,154.0,PC
2718.0,2210.0,1256.0,235.0,Mobile
2719.0,808.0,1678.0,231.0,TV
2720.0,166.0,1809.0,,PC
2721.0,2713.0,,239.0,PC
2722.0,334.0,1472.0,106.0,
2723.0,1304.0,1054.0,156.0,Tablet
2724.0,229.0,1381.0,,Console
2725.0,1572.0,1057.0,172.0,Tablet
2726.0,409.0,1143.0,59.0,TV
2727.0,2502.0,1005.0,230.0,PC
2728.0,2229.0,1086.0,109.0,Mobile
2729.0,2628.0,1405.0,231.0,Mobile
2730.0,1621.0,1919.0,26.0,PC
2731.0,1007.0,1011.0,162.0,PC
2732.0,2158.0,1860.0,,Mobile
2733.0,1898.0,1338.0,243.0,Tablet
2734.0,1696.0,1913.0,122.0,
2735.0,1566.0,1477.0,58.0,PC
2736.0,2340.0,1331.0,134.0,Console
2737.0,1195.0,1847.0,128.0,Tablet
2738.0,1236.0,1145.0,185.0,
2739.0,1197.0,1440.0,286.0,PC
2740.0,1434.0,,125.0,Mobile
,704.0,1105.0,221.0,Tablet
,339.0,1074.0,166.0,TV
2743.0,2121.0,1626.0,103.0,TV
2744.0,2582.0,1407.0,7.0,Tablet
2745.0,1782.0,1706.0,272.0,Mobile
2746.0,2472.0,1941.0,211.0,TV
2747.0,514.0,1685.0,122.0,
2748.0,541.0,1178.0,150.0,Tablet
2749.0,1891.0,1131.0,30.0,Mobile
2750.0,2408.0,1797.0,163.0,Mobile
2751.0,1776.0,1572.0,142.0,PC
2752.0,1764.0,1814.0,298.0,Console
2753.0,87.0,1212.0,224.0,PC
2754.0,2156.0,1347.0,115.0,TV
2755.0,1483.0,1116.0,90.0,TV
2756.0,111.0,1994.0,22.0,TV
2757.0,1653.0,1468.0,65.0,PC
2758.0,366.0,1570.0,,Tablet
2759.0,996.0,,297.0,PC
2760.0,2815.0,1588.0,204.0,Mobile
2761.0,389.0,1690.0,171.0,Console
2762.0,2423.0,1865.0,218.0,TV
2763.0,1905.0,1229.0,82.0,TV
2764.0,1567.0,1219.0,186.0,Mobile
,1117.0,1439.0,58.0,Mobile
2766.0,1184.0,1515.0,159.0,TV
,301.0,1621.0,7.0,TV
2768.0,1716.0,1916.0,239.0,Mobile
2769.0,147.0,1128.0,72.0,Tablet
2770.0,1679.0,1823.0,142.0,
2771.0,2463.0,1237.0,131.0,Tablet
2772.0,2159.0,1718.0,189.0,Mobile
2773.0,2778.0,1415.0,198.0,
2774.0,364.0,1276.0,41.0,TV
2775.0,1111.0,1900.0,140.0,Console
2776.0,574.0,1811.0,262.0,Console
2777.0,1402.0,1385.0,139.0,PC
2778.0,62.0,1615.0,,Mobile
2779.0,1861.0,1445.0,108.0,Console
2780.0,2198.0,1311.0,155.0,Tablet
2781.0,743.0,1477.0,290.0,Console
2782.0,44.0,1009.0,92.0,TV
2783.0,2541.0,1900.0,252.0,Tablet
2784.0,2275.0,1194.0,153.0,PC
2785.0,2047.0,,90.0,Tablet
2786.0,436.0,,166.0,TV
2787.0,1075.0,1433.0,167.0,TV
2788.0,1694.0,1931.0,277.0,Tablet
2789.0,1677.0,1981.0,159.0,Console
2790.0,,1731.0,176.0,PC
2791.0,1565.0,1981.0,16.0,Console
2792.0,,1185.0,188.0,PC
2793.0,356.0,1410.0,93.0,PC
2794.0,2311.0,1493.0,117.0,Mobile
2795.0,,1757.0,20.0,Tablet
2796.0,2907.0,1874.0,84.0,PC
2797.0,,1059.0,46.0,TV
2798.0,2803.0,1464.0,223.0,TV
2799.0,1896.0,1640.0,105.0,Tablet
2800.0,2293.0,1650.0,191.0,Mobile
2801.0,112.0,1903.0,165.0,Tablet
2802.0,,1601.0,174.0,Mobile
2803.0,1065.0,1533.0,218.0,Console
2804.0,1786.0,1029.0,,Console
2805.0,512.0,1028.0,239.0,TV
2806.0,1361.0,1300.0,65.0,Mobile
2807.0,1732.0,1044.0,47.0,Console
2808.0,2100.0,1517.0,40.0,Tablet
2809.0,992.0,1183.0,262.0,Mobile
2810.0,1182.0,1945.0,189.0,Console
2811.0,341.0,1592.0,160.0,
2812.0,2793.0,1776.0,11.0,PC
2813.0,,1119.0,182.0,Tablet
2814.0,901.0,1874.0,286.0,PC
2815.0,2340.0,1128.0,237.0,Tablet
2816.0,1494.0,1681.0,23.0,PC
2817.0,1641.0,1119.0,102.0,TV
,493.0,1467.0,51.0,PC
2819.0,2851.0,1449.0,146.0,Console
2820.0,322.0,,104.0,Console
2821.0,2444.0,1283.0,143.0,Console
2822.0,612.0,1567.0,248.0,Mobile
2823.0,,,24.0,Tablet
2824.0,2818.0,1494.0,173.0,PC
2825.0,1046.0,1617.0,177.0,TV
2826.0,1170.0,1880.0,291.0,PC
2827.0,2265.0,1387.0,8.0,PC
2828.0,256.0,1800.0,293.0,Console
2829.0,638.0,1960.0,251.0,Console
2830.0,989.0,1939.0,145.0,PC
2831.0,116.0,1977.0,270.0,PC
2832.0,2540.0,1947.0,228.0,TV
2833.0,2836.0,1512.0,182.0,
2834.0,2978.0,1168.0,15.0,PC
2835.0,1837.0,,98.0,Console
2836.0,2118.0,,281.0,Console
2837.0,2301.0,1236.0,104.0,Console
2838.0,198.0,1118.0,119.0,Tablet
2839.0,1602.0,1592.0,66.0,Tablet
2840.0,1629.0,1628.0,251.0,Console
2841.0,2258.0,1076.0,43.0,Tablet
2842.0,1098.0,1378.0,43.0,Mobile
2843.0,662.0,1504.0,220.0,Console
2844.0,1791.0,1440.0,245.0,Tablet
,1015.0,1241.0,39.0,PC
2846.0,371.0,,11.0,PC
2847.0,962.0,1623.0,143.0,Mobile
2848.0,218.0,1244.0,238.0,
2849.0,1403.0,1157.0,187.0,Console
2850.0,,1053.0,88.0,PC
2851.0,2624.0,,132.0,Mobile
,2996.0,1632.0,36.0,PC
2853.0,32.0,1918.0,,Tablet
2854.0,2015.0,1286.0,95.0,TV
2855.0,2520.0,1023.0,,Tablet
2856.0,1794.0,1323.0,98.0,Mobile
2857.0,2796.0,1385.0,82.0,PC
2858.0,476.0,1437.0,238.0,Mobile
2859.0,469.0,1292.0,76.0,
2860.0,2484.0,1595.0,91.0,Mobile
2861.0,544.0,1823.0,119.0,TV
2862.0,2486.0,1651.0,284.0,Mobile
2863.0,2801.0,1962.0,284.0,Console
2864.0,1333.0,1252.0,89.0,Mobile
2865.0,1278.0,1227.0,200.0,Mobile
2866.0,1712.0,1739.0,223.0,Mobile
2867.0,1232.0,1710.0,2.0,PC
2868.0,2458.0,1559.0,125.0,Console
2869.0,692.0,1952.0,56.0,Console
2870.0,2893.0,1070.0,210.0,Tablet
,1278.0,1078.0,220.0,Tablet
,385.0,1190.0,186.0,
2873.0,1169.0,1591.0,258.0,TV
2874.0,1161.0,1522.0,213.0,Mobile
2875.0,1221.0,1089.0,177.0,Console
2876.0,794.0,1721.0,161.0,
2877.0,1646.0,1593.0,117.0,Tablet
2878.0,1691.0,1900.0,202.0,TV
2879.0,153.0,1592.0,202.0,TV
2880.0,356.0,1590.0,102.0,TV
2881.0,1378.0,1208.0,70.0,Mobile
2882.0,2216.0,1666.0,277.0,TV
,503.0,1014.0,92.0,Tablet
2884.0,424.0,1138.0,288.0,PC
2885.0,1775.0,1730.0,18.0,TV
2886.0,2397.0,1246.0,220.0,TV
2887.0,553.0,1607.0,296.0,Mobile
2888.0,818.0,1197.0,291.0,Tablet
2889.0,388.0,1386.0,48.0,Tablet
2890.0,2314.0,1927.0,108.0,Console
2891.0,2913.0,1585.0,31.0,TV
2892.0,2699.0,,233.0,PC
2893.0,2241.0,1153.0,101.0,TV
2894.0,,1034.0,60.0,Mobile
2895.0,,1985.0,288.0,Console
2896.0,1827.0,1703.0,75.0,Mobile
2897.0,27.0,1528.0,10.0,PC
2898.0,876.0,1237.0,260.0,TV
2899.0,580.0,1890.0,34.0,Console
2900.0,199.0,1671.0,60.0,Tablet
2901.0,1209.0,1096.0,23.0,Mobile
2902.0,,,146.0,Mobile
,1882.0,1708.0,100.0,Console
2904.0,1736.0,1142.0,216.0,TV
2905.0,450.0,1832.0,199.0,Console
2906.0,,1826.0,126.0,Mobile
2907.0,2443.0,1904.0,87.0,Tablet
2908.0,2337.0,1960.0,155.0,Mobile
2909.0,407.0,1326.0,298.0,PC
2910.0,1547.0,1042.0,175.0,Mobile
2911.0,1805.0,1694.0,171.0,TV
2912.0,1521.0,1379.0,50.0,Mobile
2913.0,224.0,1707.0,,TV
2914.0,2323.0,1316.0,111.0,Console
2915.0,2910.0,1490.0,51.0,Mobile
2916.0,2372.0,1974.0,123.0,Console
2917.0,,1321.0,36.0,Console
2918.0,1136.0,1615.0,88.0,Mobile
2919.0,1370.0,1130.0,214.0,Console
2920.0,743.0,,14.0,
2921.0,2283.0,1104.0,57.0,Console
2922.0,2851.0,1665.0,155.0,TV
2923.0,1462.0,1624.0,239.0,TV
2924.0,526.0,1822.0,48.0,Console
2925.0,2696.0,1875.0,96.0,TV
2926.0,580.0,1513.0,151.0,Console
2927.0,1435.0,1545.0,84.0,Mobile
2928.0,1686.0,1360.0,30.0,TV
2929.0,947.0,1531.0,148.0,PC
2930.0,2800.0,1662.0,243.0,TV
2931.0,966.0,1338.0,,PC
,1149.0,1974.0,64.0,Tablet
2933.0,1431.0,1514.0,43.0,PC
2934.0,1081.0,1955.0,164.0,PC
2935.0,,1945.0,68.0,Mobile
,2358.0,1669.0,283.0,Tablet
2937.0,634.0,1919.0,135.0,TV
2938.0,2898.0,1627.0,104.0,TV
2939.0,2996.0,1396.0,175.0,Tablet
2940.0,2252.0,1211.0,,Mobile
2941.0,921.0,1497.0,181.0,PC
2942.0,295.0,1402.0,119.0,PC
2943.0,130.0,1854.0,181.0,Console
2944.0,2306.0,1176.0,116.0,Tablet
2945.0,1435.0,1786.0,57.0,PC
2946.0,1770.0,1167.0,116.0,Console
2947.0,696.0,,210.0,PC
,2863.0,1469.0,69.0,
2949.0,2091.0,1892.0,209.0,TV
2950.0,1232.0,1523.0,99.0,PC
2951.0,2242.0,1274.0,278.0,PC
2952.0,1456.0,1921.0,210.0,Mobile
2953.0,758.0,1967.0,140.0,TV
2954.0,2476.0,1964.0,125.0,Tablet
2955.0,1500.0,1654.0,267.0,Mobile
2956.0,967.0,1907.0,248.0,Tablet
2957.0,2591.0,1550.0,201.0,Console
2958.0,470.0,1986.0,133.0,
2959.0,591.0,1184.0,37.0,Mobile
2960.0,1937.0,1196.0,282.0,PC
2961.0,2870.0,1190.0,221.0,Tablet
2962.0,,1586.0,238.0,TV
2963.0,838.0,1689.0,196.0,
2964.0,1072.0,1784.0,40.0,PC
2965.0,1433.0,1205.0,68.0,Console
2966.0,2474.0,1533.0,34.0,Console
2967.0,1353.0,1346.0,218.0,Console
2968.0,1992.0,1717.0,,Console
2969.0,1703.0,1050.0,14.0,Tablet
2970.0,1367.0,1497.0,232.0,Console
2971.0,1575.0,1583.0,61.0,Tablet
2972.0,522.0,1252.0,40.0,Mobile
2973.0,1177.0,1321.0,195.0,Mobile
2974.0,1743.0,1535.0,121.0,Mobile
2975.0,904.0,1188.0,53.0,PC
2976.0,75.0,1154.0,117.0,PC
2977.0,1608.0,1100.0,85.0,Mobile
2978.0,2153.0,1643.0,128.0,Console
2979.0,269.0,1044.0,92.0,
2980.0,697.0,1284.0,191.0,PC
2981.0,904.0,1675.0,105.0,Tablet
2982.0,1915.0,1454.0,34.0,TV
2983.0,1137.0,1626.0,112.0,PC
2984.0,2807.0,1224.0,30.0,Mobile
2985.0,2263.0,1415.0,218.0,Tablet
2986.0,2428.0,1047.0,118.0,
2987.0,1581.0,1155.0,125.0,Console
2988.0,1174.0,1786.0,157.0,Console
2989.0,1871.0,1195.0,139.0,TV
2990.0,2504.0,1482.0,235.0,Tablet
2991.0,1172.0,1035.0,222.0,Mobile
2992.0,1942.0,1918.0,237.0,Mobile
2993.0,2613.0,1230.0,276.0,Console
2994.0,2955.0,1351.0,121.0,TV
2995.0,360.0,1114.0,105.0,PC
2996.0,578.0,1815.0,,TV
2997.0,2620.0,1379.0,137.0,Console
2998.0,1319.0,1760.0,96.0,Console
2999.0,,1967.0,108.0,Mobile
3000.0,572.0,1038.0,264.0,PC
1639.0,2815.0,1734.0,230.0,TV
1802.0,,2000.0,141.0,Mobile
1968.0,274.0,1601.0,298.0,Console
1328.0,1558.0,1182.0,173.0,Console
2842.0,1098.0,1378.0,43.0,Mobile
2926.0,580.0,1513.0,151.0,Console
773.0,78.0,1591.0,57.0,Tablet
2753.0,87.0,1212.0,224.0,PC
1025.0,1655.0,1462.0,108.0,Console
2672.0,925.0,1033.0,180.0,Tablet
2991.0,1172.0,1035.0,222.0,Mobile
451.0,918.0,1807.0,162.0,Console
,2333.0,1999.0,254.0,Mobile
116.0,2807.0,1779.0,25.0,TV
,1594.0,1851.0,128.0,PC
725.0,2897.0,1978.0,282.0,TV
1078.0,525.0,1152.0,162.0,Tablet
328.0,1902.0,1330.0,115.0,Mobile
2033.0,1041.0,1598.0,,PC
1352.0,112.0,1728.0,101.0,TV
2453.0,2689.0,1507.0,25.0,
175.0,1398.0,1853.0,177.0,Console
502.0,2766.0,1265.0,142.0,Console
2293.0,521.0,,32.0,
2359.0,1453.0,1652.0,265.0,Tablet
1011.0,1198.0,1094.0,272.0,TV
1343.0,2009.0,1196.0,136.0,TV
37.0,2573.0,1364.0,239.0,
2405.0,1879.0,1554.0,90.0,TV
2284.0,,1001.0,151.0,Console
1900.0,711.0,1386.0,241.0,Mobile
2640.0,144.0,1211.0,247.0,TV
1567.0,665.0,1946.0,268.0,Mobile
2789.0,1677.0,1981.0,159.0,Console
2296.0,,1364.0,,TV
2435.0,536.0,,8.0,PC
2075.0,2744.0,1297.0,64.0,
2681.0,1383.0,1640.0,,PC
2921.0,2283.0,1104.0,57.0,Console
2034.0,2313.0,1111.0,167.0,PC
2864.0,1333.0,1252.0,89.0,Mobile
1969.0,1534.0,1203.0,162.0,Tablet
1467.0,2978.0,1694.0,171.0,TV
1032.0,,1898.0,135.0,PC
513.0,1709.0,1251.0,247.0,Console
1593.0,918.0,1899.0,193.0,Tablet
346.0,1570.0,1847.0,11.0,Mobile
639.0,1917.0,1477.0,107.0,Console
1645.0,2389.0,1240.0,87.0,Mobile
1182.0,327.0,1068.0,8.0,TV
2200.0,2862.0,1705.0,213.0,Console
2965.0,1433.0,1205.0,68.0,Console
209.0,2753.0,1956.0,105.0,Tablet
2941.0,921.0,1497.0,181.0,PC
1242.0,2231.0,1422.0,233.0,
453.0,259.0,1439.0,265.0,PC
789.0,2094.0,1601.0,162.0,TV
2174.0,2990.0,1915.0,294.0,TV
987.0,2761.0,1792.0,153.0,TV
423.0,683.0,1706.0,273.0,PC
